Data;Piso;Posição;Observação;;;;
03/12/2024;2;6408;um cabo conectado na porta da frente;;;;
03/12/2024;3;1575;sem cabo de intelbraz;;;;
03/12/2024;3;1638;um cabo conectado na porta da frente;;;;
03/12/2024;3;1637;cabo intelbraz largado na mesa e não está lacrado direito;;;;
03/12/2024;3;1636;Calha levantada;;;;
03/12/2024;3;1652;um cabo conectado na porta da frente;;;;
03/12/2024;3;1654;um cabo conectado na porta da frente;;;;
03/12/2024;3;1655;um cabo conectado na porta da frente;;;;
03/12/2024;3;1659;um cabo conectado na porta da frente;;;;
03/12/2024;3;1360;um cabo conectado na porta da frente;;;;
03/12/2024;3;1469;ramal não lacrado;;;;
03/12/2024;3;1452;dois cabos conectados na porta da frente e máquina não lacrada direito;;;;
03/12/2024;3;1453;sem cabo A10;;;;
03/12/2024;3;1455;um cabo conectado na porta da frente;;;;
03/12/2024;3;1645;um cabo conectado na porta da frente;;;;
03/12/2024;3;1394;cabo de fonte do ramal e um cabo AC do monitor não estava conectado na tomada;;;;
03/12/2024;3;1389;um cabo conectado na porta da frente;;;;
03/12/2024;3;1382;sem cabo A10;;;;
03/12/2024;3;1384;um cabo conectado na porta da frente;;;;
03/12/2024;3;1243;sem cabo A10;;;;
03/12/2024;3;1242;sem cabo A10;;;;
03/12/2024;3;1241;sem cabo A10;;;;
03/12/2024;3;1240;sem cabo A10;;;;
03/12/2024;3;1238;sem cabo A10;;;;
03/12/2024;3;251;um cabo conectado na porta da frente;;;;
03/12/2024;3;250;o ramal não está lacrado;;;;
03/12/2024;3;231;ramal não lacrado;;;;
03/12/2024;3;230;ramal não lacrado;;;;
03/12/2024;3;229;ramal não lacrado;;;;
03/12/2024;3;228;ramal não lacrado;;;;
03/12/2024;3;240;máquina não lacrada;;;;
03/12/2024;3;241;ramal não lacrado;;;;
03/12/2024;3;242;PA não lacrada;;;;
03/12/2024;3;243;ramal não lacrado;;;;
03/12/2024;3;68;um cabo conectado na porta da frente;;;;
03/12/2024;3;53;um cabo conectado na porta da frente;;;;
03/12/2024;3;38;um cabo conectado na porta da frente;;;;
03/12/2024;3;1034;um cabo conectado na porta da frente;;;;
03/12/2024;3;1035;um cabo VGA sem utilidade;;;;
03/12/2024;3;1012;um cabo conectado na porta da frente;;;;
03/12/2024;3;1006;um cabo conectado na porta da frente;;;;
03/12/2024;3;1000;um cabo conectado na porta da frente;;;;
03/12/2024;3;1001;um cabo conectado na porta da frente;;;;
03/12/2024;3;1002;um cabo conectado na porta da frente;;;;
03/12/2024;3;1062;dois cabos conectados na porta da frente;;;;
03/12/2024;3;1072;dois cabos conectados na porta da frente;;;;
03/12/2024;3;1130;um cabo conectado na porta da frente;;;;
03/12/2024;3;1132;dois cabos conectados na porta da frente;;;;
03/12/2024;3;1128;um cabo conectado na porta da frente;;;;
03/12/2024;3;1139;um cabo de VGA largado;;;;
03/12/2024;3;1144;um cabo conectado na porta da frente;;;;
03/12/2024;3;1143;um cabo conectado na porta da frente;;;;
03/12/2024;3;1137;um cabo conectado na porta da frente;;;;
03/12/2024;3;1136;um cabo conectado na porta da frente;;;;
03/12/2024;3;1085;um cabo conectado na porta da frente;;;;
03/12/2024;3;1091;um cabo conectado na porta da frente;;;;
03/12/2024;3;1081;um cabo conectado na porta da frente;;;;
03/12/2024;3;1099;um cabo conectado na porta da frente;;;;
03/12/2024;3;1101;um cabo conectado na porta da frente;;;;
03/12/2024;3;1147;dois cabos conectados na porta da frente;;;;
03/12/2024;3;1062;um cabo conectado na porta da frente;;;;
03/12/2024;3;1155;um cabo conectado na porta da frente;;;;
03/12/2024;3;1159;dois cabos de Intelbras;;;;
03/12/2024;3;1125;um cabo conectado na porta da frente;;;;
03/12/2024;3;1124;um cabo conectado na porta da frente;;;;
03/12/2024;3;1122;um cabo conectado na porta da frente;;;;
03/12/2024;3;1111;um cabo conectado na porta da frente;;;;
03/12/2024;3;1618;VGA sem utilizar;;;;
03/12/2024;3;1232;cabo conectado na frente;;;;
03/12/2024;3;1295;cabo conectado na frente;;;;
03/12/2024;3;1297;cabo A10 encontrado na PA;;;;
03/12/2024;3;1293;cabo conectado na frente;;;;
03/12/2024;3;1277;dois cabos A10 encontrados;;;;
03/12/2024;3;1278;cabos conectados na frente;;;;
03/12/2024;3;1268;dois cabos A10 encontrados;;;;
03/12/2024;3;1267;dois cabos A10 encontrados;;;;
03/12/2024;3;1252;cabo Intelbras sem utilizar;;;;
03/12/2024;3;1245;cabo conectado na frente;;;;
03/12/2024;3;303;cabo conectado na frente;;;;
03/12/2024;3;252;cabo conectado na frente;;;;
03/12/2024;3;264;calha levantada;;;;
03/12/2024;3;274;cabo conectado na frente;;;;
03/12/2024;3;275;cabo conectado na frente;;;;
03/12/2024;3;287;cabo conectado na frente;;;;
03/12/2024;3;206;cabo conectado na frente;;;;
03/12/2024;3;198;cabo conectado na frente;;;;
03/12/2024;3;197;cabo conectado na frente;;;;
03/12/2024;3;187;cabo conectado na frente;;;;
03/12/2024;3;186;cabo conectado na frente;;;;
03/12/2024;3;1134;cabo conectado na frente;;;;
03/12/2024;3;159;cabo conectado na frente;;;;
03/12/2024;3;169;cabo conectado na frente;;;;
03/12/2024;3;168;cabo conectado na frente;;;;
03/12/2024;3;167;cabo conectado na frente;;;;
03/12/2024;3;1189;cabo conectado na frente;;;;
03/12/2024;3;1191;dois cabos Intelbras;;;;
03/12/2024;3;1187;cabo conectado na frente;;;;
03/12/2024;3;1169;cabo conectado na frente;;;;
03/12/2024;3;213;cabo conectado na frente;;;;
03/12/2024;3;212;PA sem mouse e sem lacre;;;;
03/12/2024;3;126;cabo conectado na frente;;;;
03/12/2024;3;124;cabo conectado na frente;;;;
03/12/2024;3;135;cabo Intelbras desconectado e deslacrado;;;;
03/12/2024;3;137;cabo conectado na frente;;;;
03/12/2024;3;220;cabo conectado na frente;;;;
03/12/2024;3;221;cabos conectados na frente;;;;
03/12/2024;3;190;cabo conectado na frente;;;;
03/12/2024;3;108;cabo conectado na frente;;;;
03/12/2024;3;92;cabo conectado na frente;;;;
03/12/2024;3;91;dois cabos A10 na posição;;;;
03/12/2024;3;90;cabo conectado na frente;;;;
03/12/2024;3;89;cabo conectado na frente;;;;
03/12/2024;3;107;cabo conectado na frente;;;;
03/12/2024;3;143;cabo conectado na frente;;;;
03/12/2024;3;26;cabo conectado na frente;;;;
03/12/2024;3;27;cabo conectado na frente;;;;
03/12/2024;3;31;cabo conectado na frente;;;;
03/12/2024;3;43;ramal não lacrado;;;;
03/12/2024;3;42;posição não lacrada;;;;
03/12/2024;3;41;posição não lacrada;;;;
03/12/2024;3;58;ramal sem lacrar;;;;
03/12/2024;3;25;ramal não está lacrado;;;;
03/12/2024;3;60;cabo conectado na frente;;;;
03/12/2024;3;44;posição deslacrada;;;;
03/12/2024;3;45;ramal não lacrado;;;;
03/12/2024;3;61;ramal não lacrado;;;;
03/12/2024;3;62;ramal não lacrado;;;;
03/12/2024;3;63;ramal não lacrado;;;;
03/12/2024;3;29;ramal não lacrado;;;;
03/12/2024;3;46;ramal não lacrado;;;;
03/12/2024;3;30;ramal não lacrado;;;;
03/12/2024;3;171;um cabo conectado na porta da frente;;;;
03/12/2024;3;47;posição não lacrada;;;;
03/12/2024;3;31;um cabo conectado na porta da frente e a posição não lacrada;;;;
03/12/2024;3;180;um cabo conectado na porta da frente;;;;
03/12/2024;3;181;um cabo conectado na porta da frente;;;;
03/12/2024;3;150;um cabo conectado na porta da frente e a posição não lacrada;;;;
03/12/2024;3;160;Deslacrado;;;;
03/12/2024;3;161;um cabo conectado na porta da frente;;;;
03/12/2024;3;152;um cabo conectado na porta da frente;;;;
06/12/2024;3;1169;Cabo conectado na frente;;;;
06/12/2024;3;1170;Deslacrado;;;;
06/12/2024;3;1171;Deslacrado;;;;
06/12/2024;3;1172;Deslacrado;;;;
06/12/2024;3;1174;Deslacrado;;;;
06/12/2024;3;1183;Deslacrado;;;;
06/12/2024;3;1180;Deslacrado;;;;
06/12/2024;3;1191;Deslacrado;;;;
06/12/2024;3;1192;Deslacrado;;;;
06/12/2024;3;1193;Deslacrado;;;;
06/12/2024;3;1188;Deslacrado;;;;
06/12/2024;3;1186;Deslacrado;;;;
06/12/2024;3;1185;Deslacrado;;;;
06/12/2024;3;155;Deslacrado;;;;
06/12/2024;3;156;Deslacrado;;;;
06/12/2024;3;157;Deslacrado;;;;
06/12/2024;3;158;Deslacrado;;;;
06/12/2024;3;159;2 intelbras;;;;
06/12/2024;3;169;porta da tras não funciona;;;;
06/12/2024;3;168;Cabo conectado na frente;;;;
06/12/2024;3;166;maquina sem lacre;;;;
06/12/2024;3;175;maquina com Cabo na frente;;;;
06/12/2024;3;187;maquina com 2 intelbras;;;;
06/12/2024;3;204;maquina sem lacre;;;;
06/12/2024;3;230;sem lacre na maquina;;;;
06/12/2024;3;229;sem lacre na maquina;;;;
06/12/2024;3;228;sem lacre na maquina;;;;
06/12/2024;3;240;sem lacre na maquina;;;;
06/12/2024;3;241;sem lacre no ramal;;;;
06/12/2024;4;2051;sem lacre no avaya;;;;
06/12/2024;4;2057;sem lacre no avaya;;;;
06/12/2024;4;2056;sem lacre no avaya;;;;
06/12/2024;4;2054;sem lacre no avaya;;;;
06/12/2024;4;2052;sem lacre no avaya;;;;
06/12/2024;4;2051;sem lacre no avaya;;;;
06/12/2024;4;2050;sem lacre no avaya;;;;
06/12/2024;4;2049;sem lacre no avaya;;;;
06/12/2024;4;2043;sem lacre no avaya;;;;
06/12/2024;4;2154;sem lacre no avaya;;;;
06/12/2024;4;2149;avaya travando;;;;
06/12/2024;4;2153;sem lacre no avaya;;;;
06/12/2024;4;2147;sem lacre no avaya;;;;
06/12/2024;4;2144;sem lacre na maquina;;;;
06/12/2024;4;2143;sem lacre na maquina;;;;
06/12/2024;4;2142;sem lacre na maquina e no avaya;;;;
06/12/2024;4;2139;Cabo conectado na frente;;;;
06/12/2024;4;2130;sem lacre no avaya;;;;
06/12/2024;4;2128;sem lacre no avaya e na maquina;;;;
06/12/2024;4;2132;sem lacre no avaya;;;;
06/12/2024;4;2133;sem lacre no avaya e na maquina;;;;
06/12/2024;4;2047;pa deslacrada eo avaya;;;;
06/12/2024;4;2046;Deslacrado;;;;
06/12/2024;4;2027;USB conectado na frente e deslacrada;;;;
06/12/2024;4;2026;máquina com erro no hd;;;;
06/12/2024;4;2031;Deslacrado;;;;
06/12/2024;4;2030;Deslacrado;;;;
06/12/2024;4;2023;Deslacrado;;;;
06/12/2024;4;2022;Deslacrado;;;;
06/12/2024;5;3146;Ramal e maquina sem lacre;;;;
06/12/2024;5;3140;maquina e ramal sem lacre;;;;
06/12/2024;5;3137;Deslacrado;;;;
06/12/2024;5;3133;Deslacrado;;;;
06/12/2024;5;3620;Cabo conectado na frente;;;;
06/12/2024;5;3619;Cabo conectado na frente e sem lacre no avaya;;;;
06/12/2024;5;3617;Cabo conectado na frente;;;;
06/12/2024;5;3625;Cabo conectado na frente;;;;
06/12/2024;5;3627;sem lacre no avaya;;;;
06/12/2024;5;3628;sem lacre no avaya;;;;
06/12/2024;5;3644;sem lacre no avaya;;;;
06/12/2024;5;3641;sem lacre no avaya e na maquina;;;;
06/12/2024;5;3639;Cabo conectado na frente;;;;
06/12/2024;5;3638;sem lacre no avaya;;;;
06/12/2024;5;3631;sem lacre no avaya;;;;
06/12/2024;5;3632;sem lacre no avaya;;;;
06/12/2024;5;3633;sem lacre na maquina;;;;
06/12/2024;5;3634;sem lacre na maquina;;;;
06/12/2024;5;3635;sem lacre no avaya;;;;
06/12/2024;5;3636;sem lacre no avaya;;;;
06/12/2024;5;3648;sem lacre no avaya e na maquina;;;;
06/12/2024;5;3651;sem lacre na maquina;;;;
06/12/2024;5;3652;sem lacre no avaya;;;;
06/12/2024;5;3653;sem lacre no avaya e na maquina;;;;
06/12/2024;5;3655;sem lacre no avaya;;;;
06/12/2024;5;3661;sem lacre na maquina;;;;
06/12/2024;5;3660;sem lacre na maquina;;;;
06/12/2024;5;3658;sem lacre na maquina e no avaya;;;;
06/12/2024;5;3219;Cabo conectado na frente;;;;
06/12/2024;5;3221;Cabo conectado na frente;;;;
06/12/2024;6;4528;Cabo desconectado;;;;
06/12/2024;6;4538;carregador conectado;;;;
06/12/2024;6;4700;Cabo conectado na frente;;;;
06/12/2024;6;4701;Cabo conectado na frente;;;;
06/12/2024;6;4741;maquina com a parte da frente desmontada;;;;
06/12/2024;6;4034;maquina aparenta não ter hd;;;;
06/12/2024;6;4048;2 cabos intelbras;;;;
06/12/2024;6;4053;Cabo display port com 1 monitor;;;;
06/12/2024;6;4715;dois cabo displayport;;;;
06/12/2024;6;4800;máquina com recuperação;;;;
06/12/2024;6;4838;não possui máquina, teclado e mouse;;;;
06/12/2024;6;4819;carregador conectado;;;;
06/12/2024;6;4232;fone carregando na maquina;;;;
06/12/2024;6;4478;dois cabo de rede;;;;
06/12/2024;6;4300;dois intelbras;;;;
06/12/2024;6;4302;deslacrado;;;;
10/12/2024;2;6616;Cabo de rede extra;;;;
10/12/2024;2;6618;Cabo usb porta da frente;;;;
10/12/2024;3;171;usb mouse;;;;
10/12/2024;3;181;usb mouse teclado;;;;
10/12/2024;3;183;usb intelbras;;;;
10/12/2024;3;213;usb mouse;;;;
10/12/2024;3;1188;usb mouse e sem lacre;;;;
10/12/2024;3;1189;usb mouse;;;;
10/12/2024;3;167;usb intelbras;;;;
10/12/2024;3;195;usb mouse;;;;
10/12/2024;3;197;calha e usb mouse e teclado;;;;
10/12/2024;3;206;usb intelbras;;;;
10/12/2024;3;286;usb mouse;;;;
10/12/2024;3;307;usb mouse;;;;
10/12/2024;3;1460;porta USB mouse;;;;
10/12/2024;3;76;Cabo usb porta da frente;;;;
10/12/2024;3;161;Cabo usb porta da frente;;;;
10/12/2024;4;2035;usb mouse;;;;
10/12/2024;4;2119;usb mouse;;;;
10/12/2024;4;2683;um avaya, 2 intelbras his e alicate 9;;;;
10/12/2024;4;2667;Cabo usb porta da frente;;;;
10/12/2024;4;2558;Cabo usb porta da frente;;;;
10/12/2024;4;2285;Cabo usb porta da frente;;;;
10/12/2024;4;2111;Cabo usb porta da frente;;;;
10/12/2024;4;2130;Cabo usb porta da frente;;;;
10/12/2024;4;2134;Cabo usb porta da frente;;;;
10/12/2024;4;2132;Cabo usb porta da frente;;;;
10/12/2024;4;2127;Cabo usb porta da frente;;;;
10/12/2024;4;2130;Cabo usb porta da frente;;;;
10/12/2024;4;2137;Cabo usb porta da frente;;;;
10/12/2024;4;2152;Cabo usb porta da frente;;;;
10/12/2024;4;2075;calha levantada;;;;
10/12/2024;5;3281;usb na porta da frente;;;;
10/12/2024;5;3272;usb na porta da frente;;;;
10/12/2024;5;3205;usb na porta da frente;;;;
10/12/2024;5;3414;usb porta da frente;;;;
10/12/2024;5;3552;usb porta da frente;;;;
10/12/2024;5;3636;usb porta da frente;;;;
10/12/2024;5;3635;usb porta da frente;;;;
10/12/2024;5;3402;Cabo usb porta da frente;;;;
10/12/2024;5;3399;dois intelbras;;;;
10/12/2024;5;3376;Cabo usb porta da frente;;;;
10/12/2024;5;3306;Cabo usb porta da frente;;;;
10/12/2024;5;3304;Cabo usb porta da frente;;;;
10/12/2024;5;3177;sem internet;;;;
10/12/2024;5;3160;Cabo usb porta da frente;;;;
10/12/2024;5;3162;Cabo usb porta da frente;;;;
10/12/2024;5;3046;Cabo usb porta da frente;;;;
10/12/2024;5;3067;Cabo usb porta da frente;;;;
10/12/2024;5;3063;Cabo usb porta da frente;;;;
10/12/2024;5;3056;Cabo usb porta da frente;;;;
10/12/2024;5;3061;Cabo usb porta da frente;;;;
10/12/2024;5;3073;Cabo usb porta da frente;;;;
10/12/2024;5;3074;Cabo usb porta da frente;;;;
10/12/2024;6;4278;Cabo usb porta da frente;;;;
10/12/2024;6;4215;Cabos desconectados;;;;
10/12/2024;6;4119;maquina congelada;;;;
10/12/2024;6;4696;Cabo usb porta da frente;;;;
10/12/2024;6;4192;intelbras na porta do USB da frente;;;;
10/12/2024;6;4191;mouse na porta do USB da frente;;;;
10/12/2024;6;4168;intelbras na porta usb da frente;;;;
10/12/2024;6;4174;Teclado na porta usb da frente;;;;
10/12/2024;6;4160;intelbras na porta usb da frente tem menu de contexto;;;;
13/12/2024;2;6938;Deslacrado;;;;
13/12/2024;2;6935;Deslacrado;;;;
13/12/2024;2;6643;Deslacrado;;;;
13/12/2024;2;6630;Deslacrado;;;;
13/12/2024;2;6628;Deslacrado;;;;
13/12/2024;2;6097;Deslacrado;;;;
13/12/2024;2;6887;Deslacrado;;;;
13/12/2024;2;6601;Deslacrado;;;;
13/12/2024;2;6599;Deslacrado;;;;
13/12/2024;3;1651;Cabo usb na porta da frente;;;;
13/12/2024;3;1654;Cabo usb na porta da frente;;;;
13/12/2024;3;1604;calha levantada;;;;
13/12/2024;3;1389;Cabo usb na porta da frente;;;;
13/12/2024;3;1651;Cabo usb na porta da frente;;;;
13/12/2024;3;1654;Cabo usb na porta da frente;;;;
13/12/2024;3;1655;Cabo usb na porta da frente;;;;
13/12/2024;3;1604;calha levantada;;;;
13/12/2024;3;1389;Cabo usb na porta da frente;;;;
13/12/2024;3;1278;Deslacrado;;;;
13/12/2024;3;1360;2 mouses;;;;
13/12/2024;3;1155;Deslacrado;;;;
13/12/2024;3;1137;Cabo usb na porta da frente;;;;
13/12/2024;3;1081;Cabo usb na porta da frente;;;;
13/12/2024;3;1091;Cabo usb na porta da frente;;;;
13/12/2024;3;1144;Cabo usb na porta da frente;;;;
13/12/2024;3;1062;Cabo usb na porta da frente;;;;
13/12/2024;3;1127;Deslacrado;;;;
13/12/2024;3;1128;Cabo usb na porta da frente;;;;
13/12/2024;3;1129;Cabo usb na porta da frente;;;;
13/12/2024;3;197;Deslacrado;;;;
13/12/2024;3;198;Cabo usb na porta da frente;;;;
13/12/2024;3;205;Deslacrado;;;;
13/12/2024;3;204;Deslacrado;;;;
13/12/2024;3;185;Cabo usb na porta da frente;;;;
13/12/2024;3;187;Cabo usb na porta da frente;;;;
13/12/2024;3;165;Deslacrado;;;;
13/12/2024;3;159;Deslacrado;;;;
13/12/2024;3;158;Deslacrado;;;;
13/12/2024;3;157;Deslacrado;;;;
13/12/2024;3;156;Deslacrado;;;;
13/12/2024;3;155;Deslacrado;;;;
13/12/2024;3;1186;Deslacrado;;;;
13/12/2024;3;1187;Cabo conectado na porta da frente;;;;
13/12/2024;3;1188;Deslacrado;;;;
13/12/2024;3;1193;Deslacrado;;;;
13/12/2024;3;1192;Deslacrado;;;;
13/12/2024;3;1191;Deslacrado;;;;
13/12/2024;3;1183;Deslacrado;;;;
13/12/2024;3;1175;Deslacrado;;;;
13/12/2024;3;1167;Deslacrado;;;;
13/12/2024;3;1172;Deslacrado;;;;
13/12/2024;3;1170;Deslacrado;;;;
13/12/2024;3;1169;Deslacrado;;;;
13/12/2024;4;2167;Deslacrado;;;;
13/12/2024;4;2187;Deslacrado;;;;
13/12/2024;4;2050;Deslacrado;;;;
13/12/2024;4;2057;Deslacrado;;;;
13/12/2024;4;2051;Deslacrado;;;;
13/12/2024;4;2936;Deslacrado;;;;
13/12/2024;4;2937;Deslacrado;;;;
13/12/2024;4;2047;Deslacrado;;;;
13/12/2024;4;2025;mouse na porta da frente;;;;
13/12/2024;4;2027;Deslacrado;;;;
13/12/2024;4;2015;Deslacrado;;;;
13/12/2024;4;2016;2 mouse na posição e teclado na parte da frente;;;;
13/12/2024;4;2017;deslacrada e mouse e teclado na porta da frente;;;;
13/12/2024;4;2020;Deslacrado;;;;
13/12/2024;4;2570;Deslacrado;;;;
13/12/2024;4;2568;Deslacrado;;;;
13/12/2024;4;2559;Deslacrado;;;;
13/12/2024;4;2553;Deslacrado;;;;
13/12/2024;4;2474;Deslacrado;;;;
13/12/2024;4;2475;Deslacrado;;;;
13/12/2024;4;2476;Deslacrado;;;;
13/12/2024;4;2219;Deslacrado;;;;
13/12/2024;4;2275;Deslacrado;;;;
13/12/2024;4;2277;sem calha;;;;
13/12/2024;4;2285;deslacrada e teclado nas porta da frente;;;;
13/12/2024;4;2279;Deslacrado;;;;
13/12/2024;4;2295;Deslacrado;;;;
13/12/2024;4;2284;Deslacrado;;;;
13/12/2024;4;2515;Deslacrado;;;;
13/12/2024;4;2513;Deslacrado;;;;
13/12/2024;4;2601;Deslacrado;;;;
13/12/2024;4;2607;Deslacrado;;;;
13/12/2024;4;2525;Deslacrado;;;;
13/12/2024;4;2540;Deslacrado;;;;
13/12/2024;4;2593;Deslacrado;;;;
13/12/2024;4;2591;Deslacrado;;;;
13/12/2024;4;2660;Deslacrado;;;;
13/12/2024;4;2663;Deslacrado;;;;
13/12/2024;4;2679;Deslacrado;;;;
13/12/2024;4;2680;Deslacrado;;;;
13/12/2024;4;2166;Deslacrado;;;;
13/12/2024;4;2165;Deslacrado;;;;
13/12/2024;4;2262;Deslacrado;;;;
13/12/2024;4;2159;Deslacrado;;;;
13/12/2024;4;2147;Deslacrado;;;;
13/12/2024;4;2149;Deslacrado;;;;
13/12/2024;4;2144;Deslacrado;;;;
13/12/2024;4;2143;Deslacrado;;;;
13/12/2024;4;2142;Deslacrado;;;;
13/12/2024;4;2137;Deslacrado;;;;
13/12/2024;4;2139;Deslacrado;;;;
13/12/2024;4;2134;Deslacrado;;;;
13/12/2024;4;2133;Deslacrado;;;;
13/12/2024;4;2132;Deslacrado;;;;
13/12/2024;4;2127;Deslacrado;;;;
13/12/2024;4;2128;Deslacrado;;;;
13/12/2024;5;3036;2 mouses;;;;
13/12/2024;5;3047;Cabo usb na porta da frente;;;;
13/12/2024;5;3046;Cabo usb na porta da frente;;;;
13/12/2024;5;3045;Cabo usb na porta da frente;;;;
13/12/2024;5;3044;Cabo usb na porta da frente;;;;
13/12/2024;5;3067;Cabo usb na porta da frente;;;;
13/12/2024;5;3066;Cabo usb na porta da frente;;;;
13/12/2024;5;3063;Cabo usb na porta da frente;;;;
13/12/2024;5;3106;Cabo usb na porta da frente;;;;
13/12/2024;5;3060;Cabo usb na porta da frente;;;;
13/12/2024;5;3161;Cabo usb na porta da frente;;;;
13/12/2024;5;3173;Cabo usb na porta da frente;;;;
13/12/2024;5;3174;Cabo usb na porta da frente;;;;
13/12/2024;5;3154;maquina não a porta de tras;;;;
13/12/2024;5;3156;Cabo usb na porta da frente;;;;
13/12/2024;5;3201;2 intelbras;;;;
13/12/2024;5;3255;Cabo usb na porta da frente;;;;
13/12/2024;5;3256;Cabo usb na porta da frente;;;;
13/12/2024;5;3248;Cabo usb na porta da frente;;;;
13/12/2024;5;3247;Cabo usb na porta da frente;;;;
13/12/2024;5;3180;Cabo usb na porta da frente e deslacrada;;;;
13/12/2024;5;3246;Cabo usb na porta da frente;;;;
13/12/2024;5;3183;sem lacre e Cabo usb na porta da frente;;;;
13/12/2024;5;3652;sem lacre no avaya;;;;
13/12/2024;5;3653;sem lacre na pa;;;;
13/12/2024;5;3658;sem lacre no avaya;;;;
13/12/2024;5;3452;Cabo usb na porta da frente e sem lacre;;;;
13/12/2024;5;3406;2 cabos intelbras;;;;
13/12/2024;5;3391;ayava deslacrada;;;;
13/12/2024;5;3386;Cabo usb na porta da frente;;;;
13/12/2024;5;3338;avaya deslacrada;;;;
13/12/2024;5;3325;calha levantada;;;;
13/12/2024;5;3321;avaya deslacrada;;;;
13/12/2024;5;3318;avaya deslacrada;;;;
13/12/2024;5;3317;avaya deslacrada;;;;
13/12/2024;5;3310;avaya deslacrada;;;;
13/12/2024;5;3312;avaya deslacrada;;;;
13/12/2024;5;3313;pa deslacrada;;;;
13/12/2024;5;3415;avaya com problema;;;;
13/12/2024;5;3414;Cabo usb na porta da frente e 2 mouses;;;;
13/12/2024;6;4127;sem lacre;;;;
13/12/2024;6;4434;sem calha;;;;
13/12/2024;6;4431;sem calha;;;;
13/12/2024;6;1655;Cabo usb na porta da frente;;;;
13/12/2024;6;6953;Deslacrado;;;;
13/12/2024;6;4420;sem calha;;;;
13/12/2024;6;4421;sem calha;;;;
13/12/2024;6;4422;sem lacre e sem calha;;;;
13/12/2024;6;4423;Deslacrado;;;;
13/12/2024;6;4408;Deslacrado;;;;
13/12/2024;6;4119;pa com USB na frente;;;;
13/12/2024;6;4269;pa com USB na frente;;;;
13/12/2024;6;4126;Deslacrado;;;;
13/12/2024;6;4099;Deslacrado;;;;
13/12/2024;6;4100;Deslacrado;;;;
13/12/2024;6;4489;deslacrada e intelbras na porta da frente;;;;
13/12/2024;6;4488;Deslacrado;;;;
17/12/2024;3;1004;Deslacrado;;;;
17/12/2024;3;1005;Deslacrado;;;;
17/12/2024;3;1062;Deslacrado;;;;
17/12/2024;3;1175;Deslacrado;;;;
17/12/2024;3;1135;Deslacrado;;;;
17/12/2024;3;1136;Deslacrado;;;;
17/12/2024;3;1137;Deslacrado;;;;
17/12/2024;3;1163;Deslacrado;;;;
17/12/2024;3;1125;deslacrado e USB conectado na frente;;;;
17/12/2024;3;1122;USB conectado na frente;;;;
17/12/2024;3;1111;USB conectado na frente;;;;
17/12/2024;3;156;Deslacrado;;;;
17/12/2024;3;1296;USB conectado na frente;;;;
17/12/2024;3;1132;USB conectado na frente e deslacrado;;;;
17/12/2024;3;1132;Deslacrado;;;;
17/12/2024;3;1130;USB conectado na frente e deslacrado;;;;
17/12/2024;3;1077;Deslacrado;;;;
17/12/2024;3;1005;Deslacrado;;;;
17/12/2024;3;1012;Deslacrado;;;;
17/12/2024;3;999;Deslacrado;;;;
17/12/2024;3;1006;USB conectado na frente e deslacrado;;;;
17/12/2024;3;1088;Deslacrado;;;;
17/12/2024;3;1093;Deslacrado;;;;
17/12/2024;3;1134;Deslacrado;;;;
17/12/2024;3;1137;Deslacrado;;;;
17/12/2024;3;1138;Deslacrado;;;;
17/12/2024;3;1143;Deslacrado;;;;
17/12/2024;3;1152;Deslacrado;;;;
17/12/2024;3;1151;Deslacrado;;;;
17/12/2024;3;1147;deslacrado e USB conectado na frente;;;;
17/12/2024;3;1100;Deslacrado;;;;
17/12/2024;3;1105;Deslacrado;;;;
17/12/2024;3;1096;Deslacrado;;;;
17/12/2024;3;1029;Deslacrado;;;;
17/12/2024;3;1026;Deslacrado;;;;
17/12/2024;3;1025;Deslacrado;;;;
17/12/2024;3;1119;Deslacrado;;;;
17/12/2024;3;1115;Deslacrado;;;;
17/12/2024;3;1160;Deslacrado;;;;
17/12/2024;3;183;USB conectado na frente e deslacrado;;;;
17/12/2024;3;181;Deslacrado;;;;
17/12/2024;3;193;Deslacrado;;;;
17/12/2024;3;191;Deslacrado;;;;
17/12/2024;3;190;Deslacrado;;;;
17/12/2024;3;189;Deslacrado;;;;
17/12/2024;3;94;Deslacrado;;;;
17/12/2024;3;90;Deslacrado;;;;
17/12/2024;3;89;Deslacrado;;;;
17/12/2024;3;88;Deslacrado;;;;
17/12/2024;3;85;Deslacrado;;;;
17/12/2024;3;251;USB conectado na frente e deslacrado;;;;
17/12/2024;3;238;Deslacrado;;;;
17/12/2024;3;232;Deslacrado;;;;
17/12/2024;3;253;Deslacrado;;;;
17/12/2024;4;2047;pa deslacrada e o avaya;;;;
17/12/2024;4;2046;Deslacrado;;;;
17/12/2024;4;2027;USB conectado na frente e deslacrada;;;;
17/12/2024;4;2026;máquina com erro no hd;;;;
17/12/2024;4;2031;Deslacrado;;;;
17/12/2024;4;2030;Deslacrado;;;;
17/12/2024;4;2023;Deslacrado;;;;
17/12/2024;4;2022;Deslacrado;;;;
17/12/2024;4;2017;USB conectado na frente e máquina deslacrada;;;;
17/12/2024;4;2125;USB conectado na frente e deslacrada;;;;
17/12/2024;4;2118;deslacrado e USB conectado na frente;;;;
17/12/2024;4;2053;Deslacrado;;;;
17/12/2024;4;2051;Deslacrado;;;;
17/12/2024;4;2050;Deslacrado;;;;
17/12/2024;4;2056;Deslacrado;;;;
17/12/2024;4;2033;Deslacrado;;;;
17/12/2024;4;2018;deslacrado e USB conectado na frente;;;;
17/12/2024;4;2130;Deslacrado;;;;
17/12/2024;4;2133;Deslacrado;;;;
17/12/2024;4;2134;deslacrado e USB conectado na frente;;;;
17/12/2024;4;2273;deslacrado;;;;
17/12/2024;4;2254;deslacrado;;;;
17/12/2024;4;2253;deslacrado;;;;
17/12/2024;4;2252;deslacrado e USB conectado na frente;;;;
17/12/2024;4;2245;deslacrado;;;;
17/12/2024;4;2215;Deslacrado;;;;
17/12/2024;4;2214;Deslacrado;;;;
17/12/2024;4;2209;Deslacrado;;;;
17/12/2024;4;2208;Deslacrado;;;;
17/12/2024;4;2219;Deslacrado;;;;
17/12/2024;4;2295;Deslacrado;;;;
17/12/2024;4;2559;Deslacrado;;;;
17/12/2024;5;3073;pa deslacrada;;;;
17/12/2024;5;3124;pa deslacrada;;;;
17/12/2024;5;3128;pa deslacrada;;;;
17/12/2024;5;3523;dois cabo his;;;;
17/12/2024;5;3324;dois cabo his;;;;
17/12/2024;5;3439;USB conectado na frente;;;;
17/12/2024;5;3305;dois cabo intelbras;;;;
17/12/2024;5;3242;USB conectado na frente;;;;
17/12/2024;5;3328;máquina não liga;;;;
17/12/2024;5;3427;Deslacrado;;;;
17/12/2024;5;3555;DESLACRADO E DOIS CABO HIS;;;;
17/12/2024;5;3398;dois cabo de rede;;;;
17/12/2024;5;3636;deslacrado dois cabo his;;;;
17/12/2024;5;3219;Cabo conectado na frente;;;;
17/12/2024;5;3221;Cabo conectado na frente;;;;
17/12/2024;5;3635;sem lacre no avaya;;;;
17/12/2024;5;3636;sem lacre no avaya;;;;
17/12/2024;5;3627;sem lacre no avaya;;;;
17/12/2024;5;3620;Ramal e maquina sem lacre;;;;
17/12/2024;5;3639;Cabo conectado na frente;;;;
17/12/2024;5;3638;sem lacre no avaya;;;;
17/12/2024;5;3324;dois cabo his;;;;
17/12/2024;5;3555;DESLACRADO E DOIS CABO HIS;;;;
17/12/2024;6;4307;monitor por cima da maquina;;;;
17/12/2024;6;4700;Cabo conectado na frente;;;;
17/12/2024;6;4048;2 cabos intelbras;;;;
17/12/2024;6;4715;dois cabo displayport;;;;
17/12/2024;6;4800;máquina com recuperação;;;;
17/12/2024;6;4838;não possui máquina, teclado e mouse;;;;
17/12/2024;6;4819;carregador conectado;;;;
17/12/2024;6;4478;dois cabo de rede;;;;
17/12/2024;6;4754;pa bagunçada;;;;
17/12/2024;6;4735;pa com o monitor fora de escala;;;;
17/12/2024;6;4817;pa bagunçada;;;;
17/12/2024;6;4389;monitor em cima da máquina;;;;
17/12/2024;6;4258;calha levantada;;;;
17/12/2024;6;4462;USB conectado na frente;;;;
17/12/2024;6;4752;pa bagunçada e tela invertida;;;;
20/12/2024;2;6701;Cabo de rede largado;;;;
20/12/2024;3;1690;maquina dando tela azul;;;;
20/12/2024;3;1467;2 cabos A10;;;;
20/12/2024;3;1298;calha levantada, 2 cabos A10, Cabo conectado na frente;;;;
20/12/2024;3;1304;Cabo usb conectado na frente;;;;
20/12/2024;3;1303;Cabo usb conectado na frente;;;;
20/12/2024;3;1303;Cabo usb conectado na frente;;;;
20/12/2024;3;1296;Cabo usb conectado na frente;;;;
20/12/2024;3;1297;Cabo usb conectado na frente;;;;
20/12/2024;3;1293;Cabo usb conectado na frente;;;;
20/12/2024;3;1283;sem Cabo A10;;;;
20/12/2024;3;60;usb na porta da frente;;;;
20/12/2024;3;170;usb na porta da frente;;;;
20/12/2024;3;180;usb na porta da frente;;;;
20/12/2024;3;152;usb na porta da frente;;;;
20/12/2024;3;161;usb na porta da frente;;;;
20/12/2024;3;150;usb na porta da frente;;;;
20/12/2024;3;31;usb na porta da frente;;;;
20/12/2024;3;27;usb na porta da frente;;;;
20/12/2024;3;39;usb na porta da frente;;;;
20/12/2024;3;153;usb na porta da frente;;;;
20/12/2024;3;1125;usb na porta da frente;;;;
20/12/2024;3;1124;usb na porta da frente;;;;
20/12/2024;3;1034;usb na porta da frente;;;;
20/12/2024;3;1081;usb na porta da frente;;;;
20/12/2024;3;1091;usb na porta da frente;;;;
20/12/2024;3;1136;usb na porta da frente;;;;
20/12/2024;3;1072;usb na porta da frente;;;;
20/12/2024;3;1000;usb na porta da frente;;;;
20/12/2024;3;1001;usb na porta da frente;;;;
20/12/2024;3;1384;usb na porta da frente;;;;
20/12/2024;3;1389;usb na porta da frente;;;;
20/12/2024;3;1389;usb na porta da frente;;;;
20/12/2024;3;1583;Cabo usb conectado na frente;;;;
20/12/2024;3;1655;Cabo usb conectado na frente;;;;
20/12/2024;3;1654;Cabo usb conectado na frente;;;;
20/12/2024;4;2025;usb na porta da frente;;;;
20/12/2024;4;2029;usb na porta da frente;;;;
20/12/2024;4;2132;usb na porta da frente;;;;
20/12/2024;4;2128;usb na porta da frente;;;;
20/12/2024;4;2130;usb na porta da frente;;;;
20/12/2024;4;2285;Cabo usb conectado na frente;;;;
20/12/2024;4;2445;Cabo usb conectado na frente;;;;
20/12/2024;4;2573;um teclado um AC e um monitor;;;;
20/12/2024;5;3140;Cabo usb conectado na frente;;;;
20/12/2024;5;3074;Cabo usb conectado na frente;;;;
20/12/2024;5;3061;Cabo usb conectado na frente;;;;
20/12/2024;5;3060;Cabo usb conectado na frente;;;;
20/12/2024;5;3065;Cabo usb conectado na frente;;;;
20/12/2024;5;3106;Cabo usb conectado na frente;;;;
20/12/2024;5;3044;Cabo usb conectado na frente;;;;
20/12/2024;5;3045;Cabo usb conectado na frente;;;;
20/12/2024;5;3046;Cabo usb conectado na frente;;;;
20/12/2024;5;3047;Cabo usb conectado na frente;;;;
20/12/2024;5;3019;Cabo usb conectado na frente;;;;
20/12/2024;5;3014;Cabo usb conectado na frente;;;;
20/12/2024;5;3306;Cabo usb conectado na frente;;;;
20/12/2024;5;3326;Cabo usb conectado na frente;;;;
20/12/2024;5;3320;Cabo usb conectado na frente;;;;
20/12/2024;5;3331;avaya sem internet;;;;
20/12/2024;5;3401;Cabo usb conectado na frente;;;;
20/12/2024;5;3407;Cabo his com problema;;;;
20/12/2024;5;3497;Cabo usb conectado na frente;;;;
20/12/2024;5;3491;Cabo usb conectado na frente;;;;
20/12/2024;5;3396;Cabo usb conectado na frente;;;;
20/12/2024;5;3572;Cabo usb conectado na frente;;;;
20/12/2024;5;3484;Cabo usb conectado na frente;;;;
20/12/2024;5;3486;Cabo usb conectado na frente;;;;
20/12/2024;5;3560;Cabo usb conectado na frente;;;;
20/12/2024;5;3667;Cabo usb conectado na frente;;;;
20/12/2024;5;3156;usb na porta da frente;;;;
20/12/2024;5;3211;usb na porta da frente;;;;
20/12/2024;5;3320;usb na porta da frente;;;;
20/12/2024;5;3326;usb na porta da frente;;;;
20/12/2024;5;3029;Cabo usb conectado na frente;;;;
20/12/2024;6;4274;Cabo usb conectado na frente;;;;
20/12/2024;6;4274;Cabo usb conectado na frente;;;;
20/12/2024;6;4234;Cabo intelbras na porta da frente;;;;
20/12/2024;6;4119;Cabo usb conectado na frente;;;;
20/12/2024;6;4462;Cabo usb conectado na frente;;;;
20/12/2024;6;4576;calha levantada;;;;
20/12/2024;6;4696;Cabo usb conectado na frente;;;;
20/12/2024;6;4478;usb na porta da frente;;;;
26/12/2024;2;6938;Deslacrado;;;;
26/12/2024;2;6935;Deslacrado;;;;
26/12/2024;2;6953;Deslacrado;;;;
26/12/2024;2;6643;Deslacrado;;;;
26/12/2024;2;6630;Deslacrado;;;;
26/12/2024;2;6628;Deslacrado;;;;
26/12/2024;2;6097;Deslacrado;;;;
26/12/2024;2;6887;Deslacrado;;;;
26/12/2024;2;6601;Deslacrado;;;;
26/12/2024;2;6599;Deslacrado;;;;
26/12/2024;3;187;Cabo usb na porta da frente;;;;
26/12/2024;3;185;Cabo usb na porta da frente;;;;
26/12/2024;3;204;Deslacrado;;;;
26/12/2024;3;205;Deslacrado;;;;
26/12/2024;3;198;Cabo usb na porta da frente;;;;
26/12/2024;3;197;Deslacrado;;;;
26/12/2024;3;1129;Cabo usb na porta da frente;;;;
26/12/2024;3;1128;Cabo usb na porta da frente;;;;
26/12/2024;3;1127;Deslacrado;;;;
26/12/2024;3;1062;Cabo usb na porta da frente;;;;
26/12/2024;3;1144;Cabo usb na porta da frente;;;;
26/12/2024;3;1091;Cabo usb na porta da frente;;;;
26/12/2024;3;1081;Cabo usb na porta da frente;;;;
26/12/2024;3;1137;Cabo usb na porta da frente;;;;
26/12/2024;3;1155;Deslacrado;;;;
26/12/2024;3;1360;2 mouses;;;;
26/12/2024;3;1278;Deslacrado;;;;
26/12/2024;3;1389;Cabo usb na porta da frente;;;;
26/12/2024;3;1604;calha levantada;;;;
26/12/2024;3;1655;Cabo usb na porta da frente;;;;
26/12/2024;3;1654;Cabo usb na porta da frente;;;;
26/12/2024;3;1651;Cabo usb na porta da frente;;;;
26/12/2024;3;1165;Deslacrado;;;;
26/12/2024;3;1156;sem intelbras;;;;
26/12/2024;3;15;sem intelbras;;;;
26/12/2024;3;181;sem intelbras;;;;
26/12/2024;3;307;sem mouse;;;;
26/12/2024;3;281;Deslacrado;;;;
26/12/2024;3;383;sem extensor;;;;
26/12/2024;3;260;sem extensor;;;;
26/12/2024;3;1101;intelbras na parte da frente da cpu;;;;
26/12/2024;3;57;Deslacrado;;;;
26/12/2024;3;1002;Deslacrado;;;;
26/12/2024;3;1003;Deslacrado;;;;
26/12/2024;3;141;Deslacrado;;;;
26/12/2024;3;1169;Deslacrado;;;;
26/12/2024;3;1170;Deslacrado;;;;
26/12/2024;3;1172;Deslacrado;;;;
26/12/2024;3;1167;Deslacrado;;;;
26/12/2024;3;1175;Deslacrado;;;;
26/12/2024;3;1183;Deslacrado;;;;
26/12/2024;3;1191;Deslacrado;;;;
26/12/2024;3;1192;Deslacrado;;;;
26/12/2024;3;1193;Deslacrado;;;;
26/12/2024;3;1188;Deslacrado;;;;
26/12/2024;3;1187;Cabo conectado na porta da frente;;;;
26/12/2024;3;1186;Deslacrado;;;;
26/12/2024;3;155;Deslacrado;;;;
26/12/2024;3;156;Deslacrado;;;;
26/12/2024;3;157;Deslacrado;;;;
26/12/2024;3;158;Deslacrado;;;;
26/12/2024;3;159;Deslacrado;;;;
26/12/2024;3;165;Deslacrado;;;;
26/12/2024;3;187;Cabo usb na porta da frente;;;;
26/12/2024;3;185;Cabo usb na porta da frente;;;;
26/12/2024;4;2025;mouse na porta da frente;;;;
26/12/2024;4;2167;Deslacrado;;;;
26/12/2024;4;2050;Deslacrado;;;;
26/12/2024;4;2057;Deslacrado;;;;
26/12/2024;4;2051;Deslacrado;;;;
26/12/2024;4;2017;deslacrada e mouse e teclado na porta da frente;;;;
26/12/2024;4;2016;2 mouse na posição e teclado na parte da frente;;;;
26/12/2024;4;2464;deslacrada;;;;
26/12/2024;4;2354;deslacrada sem calha;;;;
26/12/2024;4;2452;Deslacrado;;;;
26/12/2024;4;2457;Deslacrado;;;;
26/12/2024;4;2456;Deslacrado;;;;
26/12/2024;4;2455;Deslacrado;;;;
26/12/2024;4;2454;Deslacrado;;;;
26/12/2024;4;2444;Deslacrado;;;;
26/12/2024;4;2445;Deslacrado;;;;
26/12/2024;4;2446;Deslacrado;;;;
26/12/2024;4;2251;deslacrada e sem calha;;;;
26/12/2024;4;2285;deslacrada e teclado nas porta da frente;;;;
26/12/2024;4;2936;Deslacrado;;;;
26/12/2024;4;2937;Deslacrado;;;;
26/12/2024;4;2025;mouse na porta da frente;;;;
26/12/2024;4;2601;Deslacrado;;;;
26/12/2024;4;2253;Deslacrado;;;;
26/12/2024;4;2694;Deslacrado;;;;
26/12/2024;4;2646;Deslacrado;;;;
26/12/2024;4;2654;Deslacrado;;;;
26/12/2024;4;2250;Deslacrado;;;;
26/12/2024;4;2245;Deslacrado;;;;
26/12/2024;4;2249;Deslacrado;;;;
26/12/2024;4;2200;Deslacrado;;;;
26/12/2024;4;2202;Deslacrado;;;;
26/12/2024;4;2215;Deslacrado;;;;
26/12/2024;4;2209;Deslacrado;;;;
26/12/2024;4;2214;Deslacrado;;;;
26/12/2024;4;2213;Deslacrado;;;;
26/12/2024;4;2206;Deslacrado;;;;
26/12/2024;4;2211;Deslacrado;;;;
26/12/2024;4;2255;Deslacrado;;;;
26/12/2024;4;2256;Deslacrado;;;;
26/12/2024;4;2257;Deslacrado;;;;
26/12/2024;4;2360;Deslacrado;;;;
26/12/2024;4;2428;Deslacrado;;;;
26/12/2024;4;2495;Deslacrado;;;;
26/12/2024;4;2493;Deslacrado;;;;
26/12/2024;4;2576;Deslacrado;;;;
26/12/2024;4;2574;Deslacrado;;;;
26/12/2024;4;2648;Deslacrado;;;;
26/12/2024;4;2116;Deslacrado;;;;
26/12/2024;4;2114;Deslacrado;;;;
26/12/2024;4;2109;Deslacrado;;;;
26/12/2024;4;2108;Deslacrado;;;;
26/12/2024;4;2107;Deslacrado;;;;
26/12/2024;4;2113;Deslacrado;;;;
26/12/2024;4;2126;Deslacrado;;;;
26/12/2024;4;2125;Deslacrado;;;;
26/12/2024;4;2124;Deslacrado;;;;
26/12/2024;4;2119;Deslacrado;;;;
26/12/2024;5;3414;Cabo usb na porta da frente e 2 mouses;;;;
26/12/2024;5;3415;avaya com problema;;;;
26/12/2024;5;3313;pa deslacrada;;;;
26/12/2024;5;3312;avaya deslacrada;;;;
26/12/2024;5;3310;avaya deslacrada;;;;
26/12/2024;5;3317;avaya deslacrada;;;;
26/12/2024;5;3318;avaya deslacrada;;;;
26/12/2024;5;3321;avaya deslacrada;;;;
26/12/2024;5;3325;calha levantada;;;;
26/12/2024;5;3338;avaya deslacrada;;;;
26/12/2024;5;3386;Cabo usb na porta da frente;;;;
26/12/2024;5;3391;ayava deslacrada;;;;
26/12/2024;5;3406;2 cabos intelbras;;;;
26/12/2024;5;3452;Cabo usb na porta da frente e sem lacre;;;;
26/12/2024;5;3658;sem lacre no avaya;;;;
26/12/2024;5;3653;sem lacre na pa;;;;
26/12/2024;5;3652;sem lacre no avaya;;;;
26/12/2024;5;3183;sem lacre e Cabo usb na porta da frente;;;;
26/12/2024;5;3246;Cabo usb na porta da frente;;;;
26/12/2024;5;3180;Cabo usb na porta da frente e deslacrada;;;;
26/12/2024;5;3247;Cabo usb na porta da frente;;;;
26/12/2024;5;3248;Cabo usb na porta da frente;;;;
26/12/2024;5;3256;Cabo usb na porta da frente;;;;
26/12/2024;5;3255;Cabo usb na porta da frente;;;;
26/12/2024;5;3201;2 intelbras;;;;
26/12/2024;5;3156;Cabo usb na porta da frente;;;;
26/12/2024;5;3154;maquina não a porta de tras;;;;
26/12/2024;5;3174;Cabo usb na porta da frente;;;;
26/12/2024;5;3173;Cabo usb na porta da frente;;;;
26/12/2024;5;3161;Cabo usb na porta da frente;;;;
26/12/2024;5;3060;Cabo usb na porta da frente;;;;
26/12/2024;5;3106;Cabo usb na porta da frente;;;;
26/12/2024;5;3063;Cabo usb na porta da frente;;;;
26/12/2024;5;3066;Cabo usb na porta da frente;;;;
26/12/2024;5;3067;Cabo usb na porta da frente;;;;
26/12/2024;5;3044;Cabo usb na porta da frente;;;;
26/12/2024;5;3045;Cabo usb na porta da frente;;;;
26/12/2024;5;3046;Cabo usb na porta da frente;;;;
26/12/2024;5;3047;Cabo usb na porta da frente;;;;
26/12/2024;5;3036;2 mouses;;;;
26/12/2024;6;4488;Deslacrado;;;;
26/12/2024;6;4489;deslacrada e intelbras na porta da frente;;;;
26/12/2024;6;4100;Deslacrado;;;;
26/12/2024;6;4099;Deslacrado;;;;
26/12/2024;6;4126;Deslacrado;;;;
26/12/2024;6;4269;pa com USB na frente;;;;
26/12/2024;6;4119;pa com USB na frente;;;;
26/12/2024;6;4408;deslacrada;;;;
26/12/2024;6;4423;deslacrada;;;;
26/12/2024;6;4422;sem lacre e sem calha;;;;
26/12/2024;6;4421;sem calha;;;;
26/12/2024;6;4420;sem calha;;;;
26/12/2024;6;4431;sem calha;;;;
26/12/2024;6;4434;sem calha;;;;
26/12/2024;6;4127;sem lacre;;;;
27/12/2024;2;6701;PA deslacrada;;;;
27/12/2024;3;26;deslacrada;;;;
27/12/2024;3;42;deslacrada;;;;
27/12/2024;3;1188;PA sem lacre;;;;
27/12/2024;3;169;Cabo usb na porta da frente;;;;
27/12/2024;3;185;Cabo usb na porta da frente;;;;
27/12/2024;3;198;Cabo usb na porta da frente;;;;
27/12/2024;3;211;Cabo usb na porta da frente;;;;
27/12/2024;3;220;Cabo usb na porta da frente;;;;
27/12/2024;3;126;Cabo usb na porta da frente;;;;
27/12/2024;3;183;Cabo usb na porta da frente;;;;
27/12/2024;3;180;Cabo usb na porta da frente;;;;
27/12/2024;3;170;Cabo usb na porta da frente;;;;
27/12/2024;3;76;Cabo usb na porta da frente;;;;
27/12/2024;3;60;Cabo usb na porta da frente;;;;
27/12/2024;3;72;PA sem lacre;;;;
27/12/2024;3;1103;Cabo usb na porta da frente;;;;
27/12/2024;3;1099;Cabo usb na porta da frente;;;;
27/12/2024;3;1101;Cabo usb na porta da frente;;;;
27/12/2024;3;1143;2 intelbras;;;;
27/12/2024;3;39;Cabo usb na porta da frente;;;;
27/12/2024;3;38;Cabo usb na porta da frente;;;;
27/12/2024;3;69;Cabo usb na porta da frente;;;;
27/12/2024;3;231;sem lacre na maquina;;;;
27/12/2024;3;228;Cabo usb na porta da frente;;;;
27/12/2024;3;307;Cabo usb na porta da frente;;;;
27/12/2024;3;1303;Cabo usb na porta da frente;;;;
27/12/2024;3;1297;Cabo usb na porta da frente;;;;
27/12/2024;3;1253;Cabo usb na porta da frente;;;;
27/12/2024;3;1251;Cabo desconectado;;;;
27/12/2024;3;1256;Cabo usb na porta da frente;;;;
27/12/2024;3;1690;maquina com tela azul;;;;
27/12/2024;3;1698;um monitor na pa;;;;
27/12/2024;3;46;Deslacrado;;;;
27/12/2024;3;160;Deslacrado;;;;
27/12/2024;3;161;deslacrada e USB na porta da frente;;;;
27/12/2024;3;152;Deslacrado;;;;
27/12/2024;3;163;Deslacrado;;;;
27/12/2024;3;153;Deslacrado;;;;
27/12/2024;3;142;Deslacrado;;;;
27/12/2024;3;15;Deslacrado;;;;
27/12/2024;3;13;mouse na porta da frente;;;;
27/12/2024;3;1119;Deslacrado;;;;
27/12/2024;3;1114;Deslacrado;;;;
27/12/2024;3;1115;Deslacrado;;;;
27/12/2024;3;1116;Deslacrado;;;;
27/12/2024;3;1124;USB na porta da frente;;;;
27/12/2024;3;1125;USB na porta da frente;;;;
27/12/2024;3;1156;Deslacrado;;;;
27/12/2024;3;257;Deslacrado;;;;
27/12/2024;3;258;Deslacrado;;;;
27/12/2024;3;259;Deslacrado;;;;
27/12/2024;3;260;Deslacrado;;;;
27/12/2024;3;272;Deslacrado;;;;
27/12/2024;3;273;Deslacrado;;;;
27/12/2024;3;261;Deslacrado;;;;
27/12/2024;3;262;Deslacrado;;;;
27/12/2024;3;1375;Deslacrado;;;;
27/12/2024;3;1375;Deslacrado;;;;
27/12/2024;3;1243;Deslacrado;;;;
27/12/2024;3;1242;Deslacrado;;;;
27/12/2024;3;1246;Deslacrado;;;;
27/12/2024;3;1241;Deslacrado;;;;
27/12/2024;3;1245;Deslacrado;;;;
27/12/2024;3;1396;Deslacrado;;;;
27/12/2024;3;1399;Deslacrado;;;;
27/12/2024;3;1400;Deslacrado;;;;
27/12/2024;3;1392;Deslacrado;;;;
27/12/2024;3;1389;teclado na parte da frente;;;;
27/12/2024;3;1368;deslacrada;;;;
27/12/2024;3;1001;interbras na frente;;;;
27/12/2024;3;1000;Intelbras na frente;;;;
27/12/2024;3;1016;Intelbras na frente;;;;
27/12/2024;3;1081;Intelbras na frente;;;;
27/12/2024;3;1091;Interbras na frente;;;;
27/12/2024;3;1085;Interbras na frente;;;;
27/12/2024;3;251;2 mouses;;;;
27/12/2024;3;275;2 mouses;;;;
27/12/2024;3;1294;Interbras na frente;;;;
27/12/2024;3;1654;mouse na porta da frente;;;;
27/12/2024;3;1169;PA sem lacre;;;;
27/12/2024;3;1167;PA sem lacre;;;;
27/12/2024;4;2053;Deslacrado;;;;
27/12/2024;4;2052;USB na porta da frente;;;;
27/12/2024;4;2057;Deslacrado;;;;
27/12/2024;4;2056;Deslacrado;;;;
27/12/2024;4;2047;Deslacrado;;;;
27/12/2024;4;2048;Deslacrado;;;;
27/12/2024;4;2037;Deslacrado;;;;
27/12/2024;4;2040;Deslacrado;;;;
27/12/2024;4;2032;Deslacrado;;;;
27/12/2024;4;2025;USB na porta da frente;;;;
27/12/2024;4;2027;deslacrada;;;;
27/12/2024;4;2018;deslacrada e USB na porta da frente;;;;
27/12/2024;4;2017;deslacrado e mouse e teclado na porta da frente;;;;
27/12/2024;4;2016;teclado na porta da frente;;;;
27/12/2024;4;2015;USB do mouse e teclado na parte da frente e deslacrado;;;;
27/12/2024;4;2295;Deslacrado;;;;
27/12/2024;4;2294;Deslacrado;;;;
27/12/2024;4;2283;Deslacrado;;;;
27/12/2024;4;2282;Deslacrado;;;;
27/12/2024;4;2280;Deslacrado;;;;
27/12/2024;4;2279;Deslacrado;;;;
27/12/2024;4;2285;Deslacrado;;;;
27/12/2024;4;2278;Deslacrado;;;;
27/12/2024;4;2191;Deslacrado;;;;
27/12/2024;4;2190;Deslacrado;;;;
27/12/2024;4;2187;Deslacrado;;;;
27/12/2024;4;2193;Deslacrado;;;;
27/12/2024;4;2075;calha levantada e carregador de celular na tomada;;;;
27/12/2024;4;2139;teclado na porta da frente;;;;
27/12/2024;4;2128;teclado na porta da frente;;;;
27/12/2024;4;2132;mouse e teclado na porta da frente;;;;
27/12/2024;4;2053;Deslacrado;;;;
27/12/2024;5;3187;Deslacrado;;;;
27/12/2024;5;3179;Deslacrado;;;;
27/12/2024;5;3122;Cabo usb na porta da frente;;;;
27/12/2024;5;3025;Cabo usb na porta da frente;;;;
27/12/2024;5;3014;Cabo usb na porta da frente;;;;
27/12/2024;5;3051;Cabo usb na porta da frente;;;;
27/12/2024;5;3044;Cabo usb na porta da frente;;;;
27/12/2024;5;3045;Cabo usb na porta da frente;;;;
27/12/2024;5;3046;Cabo usb na porta da frente;;;;
27/12/2024;5;3047;Cabo usb na porta da frente;;;;
27/12/2024;5;3414;2 mouses;;;;
27/12/2024;5;3326;Cabo usb na porta da frente;;;;
27/12/2024;5;3331;avaya sem internet;;;;
27/12/2024;5;3586;calha levantada;;;;
27/12/2024;5;3492;Cabo usb na porta da frente;;;;
27/12/2024;5;3496;Cabo usb na porta da frente;;;;
27/12/2024;5;3585;calha levantada;;;;
27/12/2024;5;3167;Deslacrado;;;;
27/12/2024;5;3173;Deslacrado;;;;
27/12/2024;5;3156;Deslacrado;;;;
27/12/2024;5;3162;Deslacrado;;;;
27/12/2024;5;3161;Deslacrado;;;;
27/12/2024;5;3155;Deslacrado;;;;
27/12/2024;5;3199;Deslacrado;;;;
27/12/2024;5;3200;Deslacrado;;;;
27/12/2024;5;3206;Deslacrado;;;;
27/12/2024;5;3240;2 intelbras;;;;
27/12/2024;5;3257;Deslacrado;;;;
27/12/2024;5;3256;Deslacrado;;;;
27/12/2024;5;3255;USB na porta da frente;;;;
27/12/2024;5;3221;Deslacrado;;;;
27/12/2024;5;3359;Deslacrado;;;;
27/12/2024;5;3558;Deslacrado;;;;
27/12/2024;5;3553;Deslacrado;;;;
27/12/2024;5;3552;Deslacrado;;;;
27/12/2024;5;3475;Deslacrado;;;;
27/12/2024;5;3488;Deslacrado;;;;
27/12/2024;5;3486;USB na porta da frente;;;;
27/12/2024;5;3485;Deslacrado;;;;
27/12/2024;5;3484;deslacrada USB na porta da frente e cabo de carregador na máquina;;;;
27/12/2024;5;3035;teclado na porta da frente;;;;
27/12/2024;5;3060;teclado e mouse na porta da frente;;;;
27/12/2024;5;3619;mouse na porta da frente;;;;
27/12/2024;5;3126;Cabo usb na porta da frente;;;;
27/12/2024;5;3121;Cabo usb na porta da frente;;;;
27/12/2024;6;4401;Cabo usb na porta da frente;;;;
27/12/2024;6;4089;Cabo desconectado;;;;
27/12/2024;6;4106;Cabo usb na porta da frente;;;;
27/12/2024;6;4175;Cabo usb na porta da frente;;;;
27/12/2024;6;4841;Deslacrado;;;;
27/12/2024;6;4831;Deslacrado;;;;
27/12/2024;6;4807;cabo display port solto;;;;
27/12/2024;6;4696;USB na porta da frente;;;;
31/12/2024;2;6938;Deslacrado;;;;
31/12/2024;2;6935;Deslacrado;;;;
31/12/2024;2;6953;Deslacrado;;;;
31/12/2024;2;6643;Deslacrado;;;;
31/12/2024;2;6630;Deslacrado;;;;
31/12/2024;2;6628;Deslacrado;;;;
31/12/2024;2;6097;Deslacrado;;;;
31/12/2024;2;6887;Deslacrado;;;;
31/12/2024;2;6601;Deslacrado;;;;
31/12/2024;2;6599;Deslacrado;;;;
31/12/2024;2;6769;Deslacrado;;;;
31/12/2024;2;6743;Deslacrado;;;;
31/12/2024;2;6734;Deslacrado;;;;
31/12/2024;2;6825;Deslacrado;;;;
31/12/2024;2;6601;2 extensor;;;;
31/12/2024;2;6556;Deslacrado;;;;
31/12/2024;2;6555;Deslacrado;;;;
31/12/2024;2;6628;Deslacrado;;;;
31/12/2024;3;231;Deslacrado;;;;
31/12/2024;3;242;Deslacrado;;;;
31/12/2024;3;229;Deslacrado;;;;
31/12/2024;3;240;Deslacrado;;;;
31/12/2024;3;228;deslacrada e teclado na porta da frente;;;;
31/12/2024;3;255;Deslacrado;;;;
31/12/2024;3;266;Deslacrado;;;;
31/12/2024;3;264;deslacrada e 2 extensor;;;;
31/12/2024;3;252;deslacrada e mouse e teclado na porta da frente;;;;
31/12/2024;3;290;Deslacrado;;;;
31/12/2024;3;289;Deslacrado;;;;
31/12/2024;3;288;Deslacrado;;;;
31/12/2024;3;277;Deslacrado;;;;
31/12/2024;3;278;Deslacrado;;;;
31/12/2024;3;280;Deslacrado;;;;
31/12/2024;3;281;Deslacrado;;;;
31/12/2024;3;286;Deslacrado;;;;
31/12/2024;3;297;Deslacrado;;;;
31/12/2024;4;2464;Deslacrado;;;;
31/12/2024;4;2466;Deslacrado;;;;
31/12/2024;4;2465;Deslacrado;;;;
31/12/2024;4;2462;Deslacrado;;;;
31/12/2024;4;2461;Deslacrado;;;;
31/12/2024;4;2459;Deslacrado;;;;
31/12/2024;4;2458;Deslacrado;;;;
31/12/2024;4;2354;deslacrada sem calha;;;;
31/12/2024;4;2452;Deslacrado;;;;
31/12/2024;4;2457;Deslacrado;;;;
31/12/2024;4;2456;Deslacrado;;;;
31/12/2024;4;2455;Deslacrado;;;;
31/12/2024;4;2444;Deslacrado;;;;
31/12/2024;4;2445;Deslacrado;;;;
31/12/2024;4;2446;Deslacrado;;;;
31/12/2024;4;2447;Deslacrado;;;;
31/12/2024;4;2442;Deslacrado;;;;
31/12/2024;4;2435;Deslacrado;;;;
31/12/2024;5;3183;sem lacre e Cabo usb na porta da frente;;;;
31/12/2024;5;3246;Cabo usb na porta da frente;;;;
31/12/2024;5;3180;Cabo usb na porta da frente e deslacrada;;;;
31/12/2024;5;3247;Cabo usb na porta da frente;;;;
31/12/2024;5;3248;Cabo usb na porta da frente;;;;
31/12/2024;5;3256;Cabo usb na porta da frente;;;;
31/12/2024;5;3255;Cabo usb na porta da frente;;;;
31/12/2024;5;3201;2 intelbras;;;;
31/12/2024;5;3156;Cabo usb na porta da frente;;;;
31/12/2024;5;3154;maquina não a porta de tras;;;;
31/12/2024;5;3174;Cabo usb na porta da frente;;;;
31/12/2024;5;3173;Cabo usb na porta da frente;;;;
31/12/2024;5;3161;Cabo usb na porta da frente;;;;
31/12/2024;5;3060;Cabo usb na porta da frente;;;;
31/12/2024;5;3106;Cabo usb na porta da frente;;;;
31/12/2024;5;3066;Cabo usb na porta da frente;;;;
31/12/2024;5;3067;Cabo usb na porta da frente;;;;
31/12/2024;5;3044;Cabo usb na porta da frente;;;;
31/12/2024;5;3045;Cabo usb na porta da frente;;;;
31/12/2024;6;4753;Deslacrado;;;;
31/12/2024;6;4841;Deslacrado;;;;
31/12/2024;6;4829;Deslacrado;;;;
31/12/2024;6;4831;Deslacrado;;;;
31/12/2024;6;4820;Deslacrado;;;;
31/12/2024;6;4807;Deslacrado;;;;
31/12/2024;6;4783;2 intelbras;;;;
31/12/2024;6;4796;USB na porta da frente;;;;
31/12/2024;6;4640;2 intelbras;;;;
31/12/2024;6;4541;Deslacrado;;;;
31/12/2024;6;4523;Deslacrado;;;;
31/12/2024;6;4511;Deslacrado;;;;
31/12/2024;6;4523;Deslacrado;;;;
31/12/2024;6;4537;Deslacrado;;;;
31/12/2024;6;4293;Deslacrado;;;;
31/12/2024;6;4408;Deslacrado;;;;
31/12/2024;6;4410;Deslacrado;;;;
31/12/2024;6;1796;Deslacrado;;;;
31/12/2024;6;4411;Deslacrado;;;;
31/12/2024;6;4416;deslacrada e 2 intelbras;;;;
10/01/2025;2;6601;Deslacrado;;;;
10/01/2025;2;6599;Deslacrado;;;;
10/01/2025;2;6623;Deslacrado;;;;
10/01/2025;2;6625;Deslacrado;;;;
10/01/2025;2;6618;Deslacrado;;;;
10/01/2025;2;6632;Deslacrado;;;;
10/01/2025;2;6642;Deslacrado;;;;
10/01/2025;2;6641;Deslacrado;;;;
10/01/2025;2;6637;Deslacrado;;;;
10/01/2025;3;1086;Deslacrado;;;;
10/01/2025;3;1079;Deslacrado e USB conectado na frente;;;;
10/01/2025;3;1087;Deslacrado;;;;
10/01/2025;3;1089;Deslacrado;;;;
10/01/2025;3;1080;Deslacrado;;;;
10/01/2025;3;1143;Deslacrado;;;;
10/01/2025;3;1144;Deslacrado;;;;
10/01/2025;3;1148;Deslacrado;;;;
10/01/2025;3;1107;Deslacrado;;;;
10/01/2025;3;1096;Deslacrado;;;;
10/01/2025;3;1095;Deslacrado;;;;
10/01/2025;3;1094;Deslacrado;;;;
10/01/2025;3;1111;Deslacrado;;;;
10/01/2025;3;1119;Deslacrado;;;;
10/01/2025;3;1112;Deslacrado;;;;
10/01/2025;3;1113;Deslacrado;;;;
10/01/2025;3;1122;Deslacrado;;;;
10/01/2025;3;1114;Deslacrado;;;;
10/01/2025;3;1116;Deslacrado;;;;
10/01/2025;3;1117;Deslacrado;;;;
10/01/2025;3;1160;Deslacrado;;;;
10/01/2025;3;1156;Deslacrado;;;;
10/01/2025;3;163;Deslacrado;;;;
10/01/2025;3;152;Deslacrado;;;;
10/01/2025;3;161;Deslacrado e USB conectado na frente;;;;
10/01/2025;3;150;Deslacrado e USB conectado na frente;;;;
10/01/2025;3;183;Deslacrado;;;;
10/01/2025;3;181;Deslacrado;;;;
10/01/2025;3;78;Deslacrado;;;;
10/01/2025;3;62;Deslacrado;;;;
10/01/2025;3;61;Deslacrado;;;;
10/01/2025;3;60;Deslacrado;;;;
10/01/2025;3;72;Deslacrado;;;;
10/01/2025;3;328;Deslacrado;;;;
10/01/2025;3;281;Deslacrado;;;;
10/01/2025;3;297;Deslacrado;;;;
10/01/2025;3;1375;Deslacrado;;;;
10/01/2025;3;1392;Deslacrado;;;;
10/01/2025;3;1396;Deslacrado;;;;
10/01/2025;3;1439;Deslacrado;;;;
10/01/2025;3;1463;Deslacrado;;;;
10/01/2025;3;1457;Deslacrado;;;;
10/01/2025;3;1448;Deslacrado;;;;
10/01/2025;3;1456;Deslacrado;;;;
10/01/2025;3;1690;Máquina com recuperação;;;;
10/01/2025;3;1442;Deslacrado;;;;
10/01/2025;5;3197;Deslacrado;;;;
10/01/2025;5;3196;Deslacrado;;;;
10/01/2025;5;3205;Deslacrado;;;;
10/01/2025;5;3438;Deslacrado;;;;
10/01/2025;5;3635;Deslacrado;;;;
10/01/2025;5;3636;Deslacrado;;;;
10/01/2025;5;3552;Deslacrado;;;;
10/01/2025;5;3553;Deslacrado;;;;
10/01/2025;5;3558;Deslacrado;;;;
10/01/2025;5;3662;Deslacrado;;;;
10/01/2025;5;3661;Deslacrado;;;;
10/01/2025;5;3660;Deslacrado;;;;
10/01/2025;5;3659;Deslacrado;;;;
10/01/2025;5;3658;Deslacrado;;;;
10/01/2025;5;3142;Deslacrado;;;;
10/01/2025;5;3067;Deslacrado USB na frente;;;;
10/01/2025;5;3047;Deslacrado;;;;
10/01/2025;5;3046;Deslacrado;;;;
10/01/2025;5;3045;Deslacrado e USB na frente;;;;
10/01/2025;5;3049;Deslacrado e avaya com defeito;;;;
10/01/2025;5;3029;Deslacrado;;;;
10/01/2025;5;3452;Deslacrado;;;;
10/01/2025;5;3025;Deslacrado;;;;
10/01/2025;5;3022;Deslacrado;;;;
10/01/2025;5;3014;Deslacrado;;;;
10/01/2025;5;3013;Deslacrado;;;;
10/01/2025;5;3012;Deslacrado;;;;
10/01/2025;5;3011;Deslacrado;;;;
10/01/2025;5;3040;Deslacrado;;;;
10/01/2025;5;3030;Deslacrado;;;;
10/01/2025;5;3047;Deslacrado;;;;
10/01/2025;5;3046;Deslacrado;;;;
10/01/2025;5;3045;Deslacrado e USB conectado na frente;;;;
10/01/2025;5;3061;Deslacrado e USB conectado na frente;;;;
10/01/2025;5;3058;Deslacrado;;;;
10/01/2025;5;3065;Deslacrado e USB conectado na frente;;;;
10/01/2025;5;3106;Deslacrado e USB conectado na frente;;;;
10/01/2025;6;4715;Dois cabos displayport;;;;
10/01/2025;6;4800;Máquina com recuperação;;;;
10/01/2025;6;4838;Não possui máquina, teclado e mouse;;;;
10/01/2025;6;4819;Carregador conectado;;;;
10/01/2025;6;4232;Fone carregando na máquina;;;;
10/01/2025;6;4478;Dois cabos de rede;;;;
10/01/2025;6;4300;Dois intelbras;;;;
10/01/2025;6;4302;Deslacrado;;;;
10/01/2025;6;4310;Deslacrado;;;;
10/01/2025;6;4650;Calha levantada;;;;
10/01/2025;6;4450;USB conectado na frente;;;;
10/01/2025;6;4754;PA bagunçada;;;;
10/01/2025;6;4752;PA bagunçada e tela invertida;;;;
10/01/2025;6;4735;PA com o monitor fora de escala;;;;
10/01/2025;6;4817;PA bagunçada;;;;
10/01/2025;6;4726;Monitor invertido;;;;
10/01/2025;6;4389;Monitor em cima da máquina;;;;
10/01/2025;6;4462;USB conectado na frente;;;;
10/01/2025;6;4258;Calha levantada;;;;
07/01/2025;2;6937;Deslacrado;;;;
07/01/2025;2;6890;Deslacrado;;;;
07/01/2025;2;6925;Lacre rompido;;;;
07/01/2025;2;6887;Deslacrado;;;;
07/01/2025;3;1539;Deslacrado;;;;
07/01/2025;3;1534;Deslacrado;;;;
07/01/2025;3;1537;Deslacrado e USB conectado na frente;;;;
07/01/2025;3;1536;Deslacrado;;;;
07/01/2025;3;1025;Deslacrado;;;;
07/01/2025;3;1017;Deslacrado;;;;
07/01/2025;3;1018;Deslacrado;;;;
07/01/2025;3;1028;Deslacrado;;;;
07/01/2025;3;1080;Deslacrado;;;;
07/01/2025;3;1081;Deslacrado;;;;
07/01/2025;3;1082;Deslacrado;;;;
07/01/2025;3;1090;Deslacrado;;;;
07/01/2025;3;1083;Deslacrado;;;;
07/01/2025;3;1084;Deslacrado;;;;
07/01/2025;3;1093;Deslacrado;;;;
07/01/2025;3;1135;Deslacrado;;;;
07/01/2025;3;1138;Deslacrado;;;;
07/01/2025;3;1157;Deslacrado;;;;
07/01/2025;3;1156;Deslacrado;;;;
07/01/2025;3;1154;Deslacrado;;;;
07/01/2025;3;1117;Deslacrado;;;;
07/01/2025;3;1113;Deslacrado;;;;
07/01/2025;3;1111;Deslacrado e USB na frente;;;;
07/01/2025;3;10;Deslacrado;;;;
07/01/2025;3;12;Deslacrado;;;;
07/01/2025;3;163;Deslacrado;;;;
07/01/2025;3;60;Deslacrado;;;;
07/01/2025;3;59;Deslacrado;;;;
07/01/2025;3;57;Deslacrado;;;;
07/01/2025;3;72;Deslacrado;;;;
07/01/2025;3;133;Deslacrado;;;;
07/01/2025;3;121;Deslacrado;;;;
07/01/2025;3;122;Deslacrado;;;;
07/01/2025;3;138;Deslacrado;;;;
07/01/2025;3;123;Deslacrado;;;;
07/01/2025;3;220;Deslacrado;;;;
07/01/2025;3;211;Deslacrado;;;;
07/01/2025;3;212;Deslacrado;;;;
07/01/2025;3;222;Deslacrado;;;;
07/01/2025;3;213;Deslacrado;;;;
07/01/2025;3;283;PA sem mouse, erro no HD;;;;
07/01/2025;3;275;Deslacrado;;;;
07/01/2025;3;274;Deslacrado;;;;
07/01/2025;3;261;Deslacrado;;;;
07/01/2025;3;262;Deslacrado;;;;
07/01/2025;3;273;Deslacrado;;;;
07/01/2025;3;260;Deslacrado;;;;
07/01/2025;3;372;Deslacrado;;;;
07/01/2025;3;371;Deslacrado;;;;
07/01/2025;3;270;Deslacrado;;;;
07/01/2025;3;259;Deslacrado;;;;
07/01/2025;3;258;Deslacrado;;;;
07/01/2025;3;257;Deslacrado;;;;
07/01/2025;3;252;Deslacrado;;;;
07/01/2025;3;253;Deslacrado;;;;
07/01/2025;3;264;Deslacrado;;;;
07/01/2025;3;265;Deslacrado;;;;
07/01/2025;3;307;Deslacrado;;;;
07/01/2025;3;306;Deslacrado;;;;
07/01/2025;3;1392;Deslacrado;;;;
07/01/2025;3;1396;Deslacrado;;;;
07/01/2025;3;1439;Deslacrado;;;;
07/01/2025;3;1463;Deslacrado;;;;
07/01/2025;3;1457;Deslacrado;;;;
07/01/2025;3;1448;Deslacrado;;;;
07/01/2025;3;1456;Deslacrado;;;;
07/01/2025;3;1690;Máquina com recuperação;;;;
07/01/2025;3;2580;Deslacrado;;;;
07/01/2025;3;2575;Deslacrado;;;;
07/01/2025;3;2657;Cabos de rede e fonte de Avaya soltos;;;;
07/01/2025;4;2639;Deslacrado;;;;
07/01/2025;4;2647;Deslacrado;;;;
07/01/2025;4;2646;Deslacrado;;;;
07/01/2025;4;2644;Deslacrado;;;;
07/01/2025;4;2648;Deslacrado;;;;
07/01/2025;5;3185;Deslacrado;;;;
07/01/2025;5;3167;Deslacrado;;;;
07/01/2025;5;3173;Deslacrado;;;;
07/01/2025;5;3164;Deslacrado;;;;
07/01/2025;5;3163;Intelbras na frente, pequenas;;;;
07/01/2025;5;3161;Deslacrado;;;;
07/01/2025;5;3417;Deslacrado - sem mouse;;;;
07/01/2025;5;3415;Deslacrado;;;;
07/01/2025;5;3414;Deslacrado;;;;
07/01/2025;5;3501;Ramal Cisco desligado;;;;
07/01/2025;5;3506;Deslacrado;;;;
07/01/2025;5;3515;Deslacrado;;;;
07/01/2025;5;3518;Lacre rompido;;;;
07/01/2025;5;3426;Deslacrado;;;;
07/01/2025;5;3084;Deslacrado;;;;
07/01/2025;5;3083;Deslacrado;;;;
07/01/2025;5;3048;Deslacrado;;;;
07/01/2025;5;3033;Deslacrado;;;;
07/01/2025;5;3040;Deslacrado;;;;
07/01/2025;5;3032;Deslacrado;;;;
07/01/2025;5;3075;Deslacrado;;;;
07/01/2025;5;3039;Deslacrado;;;;
07/01/2025;5;3031;Deslacrado;;;;
07/01/2025;5;3035;Deslacrado;;;;
07/01/2025;5;3013;Deslacrado;;;;
07/01/2025;5;3012;Deslacrado;;;;
07/01/2025;5;3011;Deslacrado;;;;
07/01/2025;5;3010;Deslacrado;;;;
07/01/2025;5;3009;Deslacrado;;;;
07/01/2025;5;3008;Deslacrado;;;;
07/01/2025;5;3007;Deslacrado;;;;
07/01/2025;6;4229;Se conectar os periféricos e cabo de rede;;;;
07/01/2025;6;4116;Deslacrado;;;;
07/01/2025;6;4393;Deslacrado;;;;
07/01/2025;6;4488;Deslacrado;;;;
07/01/2025;6;4489;Deslacrado;;;;
14/01/2025;2;6656;Sem cabo de extensor;;;;
14/01/2025;3;1072;Periférico conectado na frente (teclado e mouse);;;;
14/01/2025;3;1384;Periférico conectado na frente (mouse);;;;
14/01/2025;3;1608;Dois cabos conectados na porta da frente;;;;
14/01/2025;3;1418;Um cabo conectado na porta da frente;;;;
14/01/2025;3;1419;Um cabo conectado na porta da frente;;;;
14/01/2025;3;1428;Um cabo conectado na porta da frente;;;;
14/01/2025;3;1394;Sem cabo;;;;
14/01/2025;3;287;Um cabo conectado na porta da frente;;;;
14/01/2025;3;272;Calha levantada;;;;
14/01/2025;3;126;Um cabo conectado na frente;;;;
14/01/2025;3;211;Um cabo conectado na porta da frente, não lacrado;;;;
14/01/2025;3;210;Deslacrado;;;;
14/01/2025;3;222;Um cabo conectado na porta da frente;;;;
14/01/2025;3;90;Um cabo conectado na porta da frente;;;;
14/01/2025;3;60;Um cabo conectado na porta da frente;;;;
14/01/2025;3;170;Um cabo conectado na porta da frente;;;;
14/01/2025;3;180;Um cabo conectado na porta da frente;;;;
14/01/2025;3;172;Um cabo conectado na porta da frente;;;;
14/01/2025;3;181;Um cabo conectado na porta da frente;;;;
14/01/2025;3;183;Um cabo conectado na porta da frente;;;;
14/01/2025;3;152;Um cabo conectado na porta da frente;;;;
14/01/2025;4;2496;Deslacrado;;;;
14/01/2025;4;2494;Deslacrado;;;;
14/01/2025;4;2493;Deslacrado;;;;
14/01/2025;4;2492;Deslacrado;;;;
14/01/2025;4;2500;Um cabo conectado na porta da frente;;;;
14/01/2025;5;4100;Sem teclado e sem mouse;;;;
14/01/2025;5;3306;Periférico conectado na frente (teclado);;;;
14/01/2025;5;3326;Periférico conectado na frente (teclado e mouse);;;;
14/01/2025;5;3338;Periférico conectado na frente (mouse);;;;
14/01/2025;5;3011;Um cabo conectado na porta da frente;;;;
14/01/2025;5;3119;Deslacrado;;;;
14/01/2025;5;3120;Deslacrado;;;;
14/01/2025;5;3116;Deslacrado;;;;
14/01/2025;5;3136;Um cabo conectado na porta da frente;;;;
14/01/2025;5;3121;Um cabo conectado na porta da frente;;;;
14/01/2025;5;3029;Um cabo conectado na porta da frente;;;;
14/01/2025;5;3038;Deslacrado;;;;
14/01/2025;5;3039;Deslacrado;;;;
14/01/2025;5;3040;Deslacrado;;;;
14/01/2025;5;3033;Deslacrado;;;;
14/01/2025;5;3032;Deslacrado;;;;
14/01/2025;5;3046;Um cabo conectado na porta da frente;;;;
14/01/2025;5;3045;Um cabo conectado na porta da frente;;;;
14/01/2025;5;3417;Sem mouse e não está lacrado;;;;
14/01/2025;5;3427;Um cabo conectado na porta da frente;;;;
14/01/2025;5;3486;Dois cabos conectados na porta da frente, não lacrado;;;;
14/01/2025;5;3484;Dois cabos conectados na porta da frente;;;;
14/01/2025;5;3493;Não lacrado;;;;
14/01/2025;6;4696;Dois cabos conectados na porta da frente;;;;
14/01/2025;6;4831;Não está lacrado;;;;
14/01/2025;6;4206;Dois cabos conectados na porta da frente;;;;
14/01/2025;6;4263;Um cabo conectado na porta da frente;;;;
14/01/2025;6;4203;Um cabo conectado na porta da frente;;;;
14/01/2025;6;4172;Um cabo conectado na porta da frente;;;;
14/01/2025;6;4179;Um cabo conectado na porta da frente;;;;
14/01/2025;6;4241;Um cabo conectado na porta da frente;;;;
14/01/2025;6;4247;Um cabo conectado na porta da frente;;;;
14/01/2025;6;6555;Periférico conectado na frente (headset);;;;
17/01/2025;3;1164;Deslacrado;;;;
17/01/2025;3;1175;Deslacrado e USB conectado na frente;;;;
17/01/2025;3;1143;Deslacrado;;;;
17/01/2025;3;1142;USB conectado na frente;;;;
17/01/2025;3;1135;Deslacrado;;;;
17/01/2025;3;1086;Deslacrado;;;;
17/01/2025;3;1094;Deslacrado;;;;
17/01/2025;3;1095;Deslacrado;;;;
17/01/2025;3;1096;Deslacrado;;;;
17/01/2025;3;1097;Deslacrado;;;;
17/01/2025;3;1098;Deslacrado;;;;
17/01/2025;3;1150;Deslacrado;;;;
17/01/2025;3;1151;Deslacrado;;;;
17/01/2025;3;1152;Deslacrado;;;;
17/01/2025;4;1147;Deslacrado;;;;
17/01/2025;4;1145;Deslacrado;;;;
17/01/2025;4;1193;Deslacrado;;;;
17/01/2025;4;1188;Deslacrado;;;;
17/01/2025;4;1187;USB conectado na frente;;;;
17/01/2025;5;1157;Deslacrado;;;;
17/01/2025;5;1160;Deslacrado;;;;
17/01/2025;5;1155;Deslacrado;;;;
17/01/2025;5;1679;Deslacrado;;;;
17/01/2025;6;1436;Deslacrado;;;;
17/01/2025;6;1430;Deslacrado;;;;
17/01/2025;6;1431;Deslacrado;;;;
17/01/2025;6;1439;Deslacrado;;;;
17/01/2025;6;1438;Deslacrado;;;;
17/01/2025;6;1437;Deslacrado;;;;
17/01/2025;6;1418;Deslacrado e USB conectado na frente;;;;
17/01/2025;6;1399;Deslacrado;;;;
17/01/2025;2;1392;Deslacrado;;;;
17/01/2025;2;1390;Deslacrado;;;;
17/01/2025;2;1389;Deslacrado;;;;
21/01/2025;2;6661;Sem cabo HIS;;;;
21/01/2025;2;6667;Sem cabo HIS;;;;
21/01/2025;2;6599;Sem lacre;;;;
21/01/2025;2;6669;Sem cabo HIS;;;;
21/01/2025;2;6668;Sem cabo HIS;;;;
21/01/2025;3;1004;Deslacrado;;;;
21/01/2025;3;1017;Deslacrado;;;;
21/01/2025;3;1006;Deslacrado;;;;
21/01/2025;3;1009;Deslacrado;;;;
21/01/2025;3;1029;Deslacrado;;;;
21/01/2025;3;1020;Deslacrado;;;;
21/01/2025;3;1028;Deslacrado;;;;
21/01/2025;3;1027;Deslacrado;;;;
21/01/2025;3;1026;Deslacrado;;;;
21/01/2025;3;1025;Deslacrado;;;;
21/01/2025;3;1024;Deslacrado;;;;
21/01/2025;3;1014;Deslacrado;;;;
21/01/2025;3;1037;Deslacrado;;;;
21/01/2025;3;1036;Sem lacre, um cabo fonte a mais;;;;
21/01/2025;3;1034;Deslacrado;;;;
21/01/2025;3;1094;Deslacrado;;;;
21/01/2025;3;1095;Deslacrado;;;;
21/01/2025;3;1096;Deslacrado;;;;
21/01/2025;3;1097;Deslacrado;;;;
21/01/2025;3;1098;Deslacrado;;;;
21/01/2025;3;1104;Deslacrado;;;;
21/01/2025;3;1105;Deslacrado;;;;
21/01/2025;3;106;Deslacrado;;;;
21/01/2025;3;1108;Deslacrado;;;;
21/01/2025;3;1150;Deslacrado;;;;
21/01/2025;3;1151;Deslacrado;;;;
21/01/2025;3;1152;Deslacrado;;;;
21/01/2025;6;4603;Deslacrado;;;;
21/01/2025;6;4604;Deslacrado;;;;
21/01/2025;6;4611;Deslacrado;;;;
21/01/2025;6;4630;Deslacrado;;;;
21/01/2025;6;4455;Deslacrado;;;;
21/01/2025;6;4454;Deslacrado;;;;
21/01/2025;6;4453;Deslacrado;;;;
21/01/2025;6;4408;Deslacrado;;;;
21/01/2025;6;4407;Deslacrado;;;;
21/01/2025;6;4406;Deslacrado;;;;
21/01/2025;6;4405;Deslacrado;;;;
21/01/2025;6;4404;Deslacrado;;;;
21/01/2025;6;4438;Deslacrado;;;;
21/01/2025;6;4418;Deslacrado;;;;
21/01/2025;6;4417;Deslacrado;;;;
21/01/2025;6;4458;Deslacrado;;;;
21/01/2025;6;4457;Deslacrado;;;;
21/01/2025;6;4456;Deslacrado;;;;
21/01/2025;5;3143;Deslacrado;;;;
21/01/2025;5;3140;Mouse parte frente;;;;
21/01/2025;5;3075;Deslacrado;;;;
21/01/2025;5;3082;Deslacrado;;;;
21/01/2025;5;3068;Deslacrado;;;;
21/01/2025;5;3066;Deslacrado;;;;
21/01/2025;5;3051;Deslacrado;;;;
21/01/2025;5;3127;Deslacrado;;;;
21/01/2025;5;3122;Deslacrado;;;;
21/01/2025;5;3121;Dois mouse PA;;;;
21/01/2025;5;3040;Deslacrado;;;;
21/01/2025;5;3039;Deslacrado;;;;
21/01/2025;5;3038;Deslacrado;;;;
21/01/2025;5;3017;Deslacrado;;;;
21/01/2025;5;3016;Deslacrado;;;;
24/01/2025;3;1001;Deslacrado;;;;
24/01/2025;3;1006;Deslacrado;;;;
24/01/2025;3;1029;Deslacrado;;;;
24/01/2025;3;1028;Deslacrado;;;;
24/01/2025;3;1020;Deslacrado;;;;
24/01/2025;3;1027;Deslacrado;;;;
24/01/2025;3;1026;Deslacrado;;;;
24/01/2025;3;1014;Deslacrado;;;;
24/01/2025;3;1015;Deslacrado;;;;
24/01/2025;3;1019;Deslacrado;;;;
24/01/2025;3;1120;Deslacrado;;;;
24/01/2025;3;1113;Deslacrado;;;;
24/01/2025;3;1114;Deslacrado;;;;
24/01/2025;3;1115;Deslacrado;;;;
24/01/2025;3;1124;Deslacrado;;;;
24/01/2025;3;1125;Deslacrado;;;;
24/01/2025;3;1154;Deslacrado;;;;
24/01/2025;3;1155;Deslacrado;;;;
24/01/2025;3;1156;Deslacrado;;;;
24/01/2025;3;245;Deslacrado;;;;
24/01/2025;3;237;Deslacrado;;;;
24/01/2025;3;238;Deslacrado;;;;
24/01/2025;3;239;Deslacrado;;;;
24/01/2025;3;1422;Deslacrado;;;;
24/01/2025;3;1418;Deslacrado;;;;
24/01/2025;2;6800;USB conectado na porta da frente;;;;
24/01/2025;2;6728;Deslacrado;;;;
24/01/2025;3;60;USB conectado na porta da frente;;;;
24/01/2025;3;170;USB conectado na porta da frente;;;;
24/01/2025;3;172;USB conectado na porta da frente;;;;
24/01/2025;3;193;USB conectado na porta da frente;;;;
24/01/2025;3;138;USB conectado na porta da frente;;;;
24/01/2025;3;211;USB conectado na porta da frente;;;;
24/01/2025;3;47;Deslacrado;;;;
24/01/2025;3;28;Deslacrado;;;;
24/01/2025;3;13;USB conectado na porta da frente;;;;
24/01/2025;3;253;Deslacrado;;;;
24/01/2025;3;287;USB conectado na porta da frente;;;;
24/01/2025;3;270;USB conectado na porta da frente;;;;
24/01/2025;3;250;Sem lacre no ramal;;;;
24/01/2025;3;1384;USB conectado na porta da frente;;;;
24/01/2025;3;1399;Deslacrado;;;;
24/01/2025;3;1392;Deslacrado;;;;
24/01/2025;3;1297;2 cabos A10;;;;
24/01/2025;3;1612;Deslacrado;;;;
24/01/2025;3;1531;Deslacrado;;;;
24/01/2025;3;1690;Máquina em recuperação;;;;
24/01/2025;5;3124;Deslacrado;;;;
24/01/2025;5;3016;Sem lacre no avaya;;;;
24/01/2025;5;3014;USB conectado na porta da frente;;;;
24/01/2025;5;3029;USB conectado na porta da frente;;;;
24/01/2025;5;3411;Calha levantada;;;;
24/01/2025;5;3558;USB conectado na porta da frente;;;;
24/01/2025;5;3481;Deslacrado;;;;
24/01/2025;5;3588;USB conectado na porta da frente;;;;
24/01/2025;5;3495;USB conectado na porta da frente;;;;
24/01/2025;5;3656;USB conectado na porta da frente;;;;
24/01/2025;5;3639;USB conectado na porta da frente;;;;
24/01/2025;5;3611;Deslacrado;;;;
24/01/2025;5;3360;2 cabos HIS;;;;
24/01/2025;5;3380;Deslacrado;;;;
24/01/2025;5;3204;USB conectado na porta da frente;;;;
24/01/2025;5;3250;Máquina com problema;;;;
24/01/2025;5;3255;USB conectado na porta da frente;;;;
28/01/2025;2;6599;Deslacrado;;;;
28/01/2025;2;6601;Deslacrado;;;;
28/01/2025;2;6887;Deslacrado;;;;
28/01/2025;2;6097;Deslacrado;;;;
28/01/2025;2;6628;Deslacrado;;;;
28/01/2025;2;6630;Deslacrado;;;;
28/01/2025;2;6643;Deslacrado;;;;
28/01/2025;2;6953;Deslacrado;;;;
28/01/2025;2;6935;Deslacrado;;;;
28/01/2025;2;6938;Deslacrado;;;;
28/01/2025;3;269;Deslacrado;;;;
28/01/2025;3;259;Deslacrado;;;;
28/01/2025;3;260;Deslacrado;;;;
28/01/2025;3;261;Deslacrado;;;;
28/01/2025;3;273;Deslacrado;;;;
28/01/2025;3;274;Deslacrado;;;;
28/01/2025;3;263;Deslacrado;;;;
28/01/2025;3;275;Deslacrado;;;;
28/01/2025;3;262;Deslacrado;;;;
28/01/2025;3;280;Deslacrado;;;;
28/01/2025;3;281;Deslacrado;;;;
28/01/2025;3;293;Deslacrado;;;;
28/01/2025;3;294;Deslacrado;;;;
28/01/2025;3;282;Deslacrado;;;;
28/01/2025;3;283;Deslacrado;;;;
28/01/2025;3;284;Deslacrado;;;;
28/01/2025;3;1029;Deslacrado;;;;
28/01/2025;3;1028;Deslacrado;;;;
28/01/2025;3;1027;Deslacrado;;;;
28/01/2025;3;1026;Deslacrado;;;;
28/01/2025;3;1025;Deslacrado;;;;
28/01/2025;3;1086;Deslacrado;;;;
28/01/2025;3;1087;Deslacrado;;;;
28/01/2025;3;1079;Deslacrado e USB conectado na frente;;;;
28/01/2025;3;1135;Deslacrado;;;;
28/01/2025;3;1136;USB conectado na frente, deslacrado;;;;
28/01/2025;3;1138;Deslacrado;;;;
28/01/2025;3;1143;Deslacrado;;;;
28/01/2025;3;1144;Deslacrado;;;;
28/01/2025;3;1174;Deslacrado;;;;
28/01/2025;3;1175;Deslacrado e USB conectado na frente;;;;
28/01/2025;3;1176;Deslacrado;;;;
28/01/2025;3;1177;Deslacrado;;;;
28/01/2025;3;1157;Deslacrado;;;;
28/01/2025;3;1162;Deslacrado;;;;
28/01/2025;3;1156;Deslacrado sem mouse;;;;
28/01/2025;3;1160;Deslacrado;;;;
28/01/2025;3;1125;Deslacrado;;;;
28/01/2025;3;1117;Deslacrado;;;;
28/01/2025;3;1124;Deslacrado;;;;
28/01/2025;3;1112;Deslacrado;;;;
28/01/2025;3;1111;Deslacrado;;;;
28/01/2025;3;11;Deslacrado;;;;
28/01/2025;3;12;Deslacrado;;;;
28/01/2025;3;13;Deslacrado;;;;
28/01/2025;3;14;Deslacrado;;;;
28/01/2025;3;143;Deslacrado;;;;
28/01/2025;3;1288;Deslacrado;;;;
28/01/2025;3;1389;Deslacrado;;;;
28/01/2025;3;1390;Deslacrado;;;;
28/01/2025;3;1298;Deslacrado;;;;
28/01/2025;3;1399;Deslacrado;;;;
28/01/2025;3;1271;Deslacrado;;;;
28/01/2025;3;1265;Deslacrado;;;;
28/01/2025;3;1264;Deslacrado;;;;
28/01/2025;3;1282;Deslacrado;;;;
28/01/2025;3;1288;Deslacrado;;;;
28/01/2025;3;1436;Deslacrado;;;;
28/01/2025;3;1437;Deslacrado;;;;
28/01/2025;4;2570;Deslacrado;;;;
28/01/2025;4;2559;Deslacrado;;;;
28/01/2025;4;2551;Dois Intelbras;;;;
28/01/2025;4;2476;Deslacrado;;;;
28/01/2025;4;2475;Deslacrado;;;;
28/01/2025;4;2474;Deslacrado;;;;
28/01/2025;5;3303;Deslacrado;;;;
28/01/2025;5;3304;Deslacrado;;;;
28/01/2025;5;3328;Deslacrado;;;;
28/01/2025;5;3339;Deslacrado;;;;
28/01/2025;5;3340;Deslacrado;;;;
28/01/2025;5;3338;Deslacrado;;;;
28/01/2025;5;3330;Deslacrado;;;;
28/01/2025;5;3364;Deslacrado;;;;
28/01/2025;5;3365;Deslacrado;;;;
28/01/2025;5;3366;Deslacrado;;;;
28/01/2025;5;3360;Deslacrado;;;;
28/01/2025;5;3385;Deslacrado;;;;
28/01/2025;5;3397;Deslacrado;;;;
28/01/2025;5;3349;Deslacrado;;;;
28/01/2025;5;3404;Deslacrado;;;;
28/01/2025;5;3399;Deslacrado;;;;
28/01/2025;5;3094;Deslacrado;;;;
28/01/2025;5;3082;Deslacrado;;;;
28/01/2025;5;3073;Deslacrado;;;;
28/01/2025;5;3058;Deslacrado e USB conectado na frente;;;;
28/01/2025;5;3557;Deslacrado;;;;
28/01/2025;5;3556;Deslacrado;;;;
28/01/2025;5;3138;Deslacrado;;;;
28/01/2025;5;3322;2 mouse na PA;;;;
28/01/2025;5;3325;Deslacrado;;;;
28/01/2025;5;3326;Deslacrada e mouse e teclado na frente;;;;
28/01/2025;5;3319;Deslacrado;;;;
28/01/2025;5;3380;Deslacrado;;;;
28/01/2025;5;3452;Deslacrado;;;;
28/01/2025;5;3012;Deslacrado;;;;
28/01/2025;5;3011;Deslacrado;;;;
28/01/2025;5;3010;Deslacrado;;;;
28/01/2025;5;3008;Deslacrado;;;;
31/01/2025;5;3075;Deslacrado;;;;
31/01/2025;5;3070;Deslacrado;;;;
31/01/2025;5;3068;Deslacrado;;;;
31/01/2025;5;3066;Deslacrado;;;;
31/01/2025;5;3040;Deslacrado;;;;
31/01/2025;5;3033;Deslacrado;;;;
31/01/2025;5;3032;Deslacrado;;;;
31/01/2025;5;3028;Deslacrado;;;;
31/01/2025;5;3029;Deslacrado;;;;
31/01/2025;5;3030;Deslacrado;;;;
31/01/2025;5;3031;Deslacrado;;;;
31/01/2025;5;3026;Deslacrado;;;;
31/01/2025;5;3019;Deslacrado;;;;
31/01/2025;5;3018;Deslacrado;;;;
31/01/2025;5;3023;Deslacrado;;;;
31/01/2025;5;3016;Deslacrado;;;;
31/01/2025;5;3301;Deslacrado;;;;
31/01/2025;5;3303;Deslacrado;;;;
31/01/2025;5;3304;Deslacrado;;;;
31/01/2025;5;3310;Deslacrado;;;;
31/01/2025;5;3317;Deslacrado;;;;
31/01/2025;5;3323;Deslacrado e sem Internet;;;;
31/01/2025;5;3318;Deslacrado;;;;
31/01/2025;5;3324;Deslacrado;;;;
31/01/2025;5;3321;Deslacrado;;;;
31/01/2025;5;3327;Deslacrado;;;;
31/01/2025;5;3333;Deslacrado;;;;
31/01/2025;5;3364;Deslacrado;;;;
31/01/2025;5;3365;Deslacrado;;;;
31/01/2025;5;3378;Deslacrado;;;;
31/01/2025;5;3373;Deslacrado;;;;
31/01/2025;5;3380;Deslacrado;;;;
31/01/2025;5;3374;Cabos soltos sem máquina e monitor;;;;
31/01/2025;4;2476;Deslacrado;;;;
31/01/2025;4;2475;Deslacrado;;;;
31/01/2025;4;2487;Deslacrado;;;;
31/01/2025;4;2480;Deslacrado;;;;
31/01/2025;4;2485;Deslacrado;;;;
31/01/2025;4;2484;Deslacrado;;;;
31/01/2025;4;2478;Deslacrado;;;;
31/01/2025;3;1581;Deslacrado;;;;
31/01/2025;3;1592;Deslacrado;;;;
31/01/2025;3;1591;Deslacrado;;;;
31/01/2025;3;1689;Máquina com erro no HD;;;;
31/01/2025;3;1690;Máquina com recuperação;;;;
31/01/2025;3;233;Deslacrado;;;;
31/01/2025;3;246;Deslacrado;;;;
31/01/2025;3;235;Deslacrado;;;;
31/01/2025;3;237;Deslacrado;;;;
31/01/2025;3;238;Deslacrado;;;;
31/01/2025;3;239;Deslacrado e USB conectado na frente;;;;
31/01/2025;3;251;Deslacrado;;;;
31/01/2025;3;250;Deslacrado;;;;
31/01/2025;3;249;Deslacrado;;;;
31/01/2025;3;268;Deslacrado;;;;
31/01/2025;3;257;Deslacrado;;;;
31/01/2025;3;270;Deslacrado;;;;
31/01/2025;3;259;Deslacrado;;;;
31/01/2025;3;273;Deslacrado;;;;
31/01/2025;3;261;Deslacrado;;;;
31/01/2025;3;274;Deslacrado e USB conectado na frente;;;;
31/01/2025;3;275;Deslacrado;;;;
31/01/2025;3;263;Deslacrado;;;;
31/01/2025;3;1375;Deslacrado;;;;
31/01/2025;3;1378;Deslacrado;;;;
31/01/2025;3;1386;Deslacrado;;;;
31/01/2025;3;1384;Deslacrado;;;;
31/01/2025;3;1382;Deslacrado;;;;
31/01/2025;3;1388;Deslacrado;;;;
31/01/2025;3;1389;Deslacrado;;;;
31/01/2025;3;1390;Deslacrado;;;;
31/01/2025;3;1392;Deslacrado;;;;
31/01/2025;3;1393;Deslacrado;;;;
31/01/2025;3;1399;Deslacrado;;;;
31/01/2025;3;1398;Deslacrado;;;;
31/01/2025;3;1420;Deslacrado;;;;
31/01/2025;3;1421;Deslacrado;;;;
31/01/2025;3;1436;Deslacrado;;;;
31/01/2025;3;1437;Deslacrado;;;;
31/01/2025;3;1439;Deslacrado;;;;
31/01/2025;5;4715;Dois cabos DisplayPort;;;;
31/01/2025;6;4800;Máquina com recuperação;;;;
31/01/2025;6;4838;Não possui máquina, teclado e mouse;;;;
31/01/2025;6;4819;Carregador conectado;;;;
31/01/2025;6;4232;Fone carregando na máquina;;;;
31/01/2025;6;4478;Dois cabos de rede;;;;
31/01/2025;6;4300;Dois Intelbras;;;;
31/01/2025;6;4302;Deslacrado;;;;
31/01/2025;6;4310;Deslacrado;;;;
31/01/2025;6;4650;Calha levantada;;;;
31/01/2025;6;4450;USB conectado na frente;;;;
31/01/2025;6;4754;PA bagunçada;;;;
31/01/2025;6;4752;PA bagunçada e tela invertida;;;;
31/01/2025;6;4735;PA com o monitor fora de escala;;;;
31/01/2025;6;4817;PA bagunçada;;;;
31/01/2025;6;4726;Monitor invertido;;;;
31/01/2025;6;4389;Monitor em cima da máquina;;;;
31/01/2025;3;1288;Cabo USB conectado na frente;;;;
31/01/2025;3;1277;Ramal sem lacre;;;;
31/01/2025;3;1246;Deslacrado;;;;
31/01/2025;3;1245;Deslacrado;;;;
31/01/2025;3;1243;Máquina sem lacre;;;;
31/01/2025;3;228;Deslacrado;;;;
31/01/2025;3;240;Deslacrado;;;;
31/01/2025;3;242;2 cabos A10;;;;
31/01/2025;3;288;Deslacrado;;;;
31/01/2025;3;287;Deslacrado;;;;
31/01/2025;3;1672;Deslacrado;;;;
31/01/2025;3;1673;Deslacrado;;;;
31/01/2025;3;1676;Deslacrado;;;;
31/01/2025;4;2492;Deslacrado;;;;
31/01/2025;4;2493;Deslacrado;;;;
31/01/2025;4;2494;Deslacrado;;;;
04/02/2025;2;6599;Deslacrado;;;;
04/02/2025;2;6601;Deslacrado;;;;
04/02/2025;2;6622;Deslacrado;;;;
04/02/2025;2;6625;Deslacrado;;;;
04/02/2025;2;6646;Deslacrado;;;;
04/02/2025;2;6647;Deslacrado;;;;
04/02/2025;2;6666;Deslacrado;;;;
04/02/2025;2;6641;Deslacrado;;;;
04/02/2025;2;6890;Deslacrado;;;;
04/02/2025;3;1581;Deslacrado;;;;
04/02/2025;3;1592;Deslacrado;;;;
04/02/2025;3;1690;Máquina com recuperação;;;;
04/02/2025;3;1689;Máquina com erro no HD;;;;
04/02/2025;3;233;Deslacrado;;;;
04/02/2025;3;237;Deslacrado;;;;
04/02/2025;3;251;Deslacrado;;;;
04/02/2025;3;268;Deslacrado;;;;
04/02/2025;3;263;Deslacrado;;;;
04/02/2025;3;1375;Deslacrado;;;;
04/02/2025;3;1378;Deslacrado;;;;
04/02/2025;5;3075;Deslacrado;;;;
04/02/2025;5;3070;Deslacrado;;;;
04/02/2025;5;3068;Deslacrado;;;;
04/02/2025;5;3066;Deslacrado;;;;
04/02/2025;5;3040;Deslacrado;;;;
04/02/2025;5;3033;Deslacrado;;;;
04/02/2025;5;3032;Deslacrado;;;;
04/02/2025;5;3028;Deslacrado;;;;
04/02/2025;5;3029;Deslacrado;;;;
04/02/2025;5;3030;Deslacrado;;;;
04/02/2025;5;3031;Deslacrado;;;;
04/02/2025;5;3026;Deslacrado;;;;
04/02/2025;5;3019;Deslacrado;;;;
04/02/2025;5;3018;Deslacrado;;;;
04/02/2025;5;3023;Deslacrado;;;;
04/02/2025;5;3032;Deslacrado;;;;
04/02/2025;5;3031;Deslacrado;;;;
04/02/2025;6;4838;Não possui máquina, teclado e mousse;;;;
04/02/2025;6;4819;Carregador conectado;;;;
04/02/2025;6;4232;Fone carregando na máquina ;;;;
04/02/2025;6;4302;Deslacrado;;;;
04/02/2025;6;4450;USB conectado na frente;;;;
04/02/2025;6;4475;PA com o monitor fora de escala;;;;
04/02/2025;6;4389;Monitor em cima da máquina ;;;;
04/02/2025;6;4258;Calha levantada deslacrada e USB na Frente;;;;
04/02/2025;6;4141;Deslacrado;;;;
04/02/2025;6;4119;USB conectado na frente;;;;
04/02/2025;6;4143;Deslacrado;;;;
04/02/2025;6;4141;Deslacrado;;;;
04/02/2025;6;4222;Deslacrado;;;;
07/02/2025;2;6667;Sem cabo HIS;;;;
07/02/2025;2;6668;Sem cabo HIS;;;;
07/02/2025;2;6669;Sem cabo HIS;;;;
07/02/2025;2;6558;Monitor largado;;;;
07/02/2025;3;1581;Deslacrado;;;;
07/02/2025;3;1592;Deslacrado;;;;
07/02/2025;3;1659;Deslacrado;;;;
07/02/2025;3;1657;Deslacrado;;;;
07/02/2025;3;1609;Deslacrado;;;;
07/02/2025;3;1372;Deslacrado;;;;
07/02/2025;3;1360;Deslacrado;;;;
07/02/2025;3;1353;2 Intelbras;;;;
07/02/2025;3;1228;USB conectado na frente;;;;
07/02/2025;3;1375;Deslacrado;;;;
07/02/2025;3;1388;Deslacrado;;;;
07/02/2025;3;1392;Deslacrado;;;;
07/02/2025;3;1402;Deslacrado;;;;
07/02/2025;3;1445;USB conectado na frente;;;;
07/02/2025;3;1251;Deslacrado;;;;
07/02/2025;3;231;Pa baguçada;;;;
07/02/2025;3;240;Deslacrado;;;;
07/02/2025;3;242;Deslacrado;;;;
07/02/2025;3;253;Deslacrado;;;;
07/02/2025;3;235;Deslacrado;;;;
07/02/2025;3;238;Deslacrado;;;;
07/02/2025;3;251;Deslacrado;;;;
07/02/2025;3;287;Deslacrado;;;;
07/02/2025;4;2474;Deslacrado;;;;
07/02/2025;4;2416;Deslacrado;;;;
07/02/2025;4;2435;Deslacrado;;;;
07/02/2025;4;2494;Deslacrado;;;;
07/02/2025;4;2567;Deslacrado;;;;
07/02/2025;4;2263;Deslacrado;;;;
07/02/2025;4;2249;Deslacrado;;;;
07/02/2025;4;2245;Deslacrado;;;;
07/02/2025;4;2223;Deslacrado;;;;
07/02/2025;4;2220;Deslacrado e Calha levantada ;;;;
11/02/2025;5;3313;Sem calha;;;;
11/02/2025;5;3321;Sem calha;;;;
11/02/2025;5;3327;Sem calha;;;;
11/02/2025;5;3324;Sem calha;;;;
11/02/2025;5;3322;Sem calha;;;;
11/02/2025;5;3329;Sem calha;;;;
11/02/2025;5;3328;Sem calha;;;;
11/02/2025;5;3341;Sem calha;;;;
11/02/2025;5;3340;Sem calha;;;;
11/02/2025;5;3339;Sem calha;;;;
11/02/2025;5;3388;Sem calha;;;;
11/02/2025;5;3494;Sem calha;;;;
11/02/2025;5;3479;Sem calha;;;;
11/02/2025;5;3480;Sem calha;;;;
11/02/2025;5;3567;Sem calha;;;;
11/02/2025;5;3432;Calha Levantda;;;;
11/02/2025;5;3429;Calha Levantda;;;;
11/02/2025;5;3618;Sem calha;;;;
11/02/2025;5;3625;Sem calha;;;;
11/02/2025;5;3619;Sem calha;;;;
11/02/2025;5;3624;Sem calha;;;;
11/02/2025;5;3634;Sem calha;;;;
11/02/2025;5;3633;Sem calha;;;;
11/02/2025;5;3639;Sem calha;;;;
11/02/2025;5;3014;Sem calha e Deslacrado;;;;
11/02/2025;5;3118;Sem calha e Deslacrado;;;;
11/02/2025;5;3008;Sem calha e Deslacrado;;;;
11/02/2025;5;3009;Sem calha e Deslacrado;;;;
11/02/2025;5;3010;Sem calha e Deslacrado;;;;
11/02/2025;5;3011;Sem calha e Deslacrado;;;;
11/02/2025;6;4269;Deslacrado;;;;
11/02/2025;6;4255;USB conectado na frente;;;;
11/02/2025;6;4266;USB conectado na frente;;;;
11/02/2025;6;4268;Deslacrado;;;;
11/02/2025;6;4234;Deslacrado;;;;
11/02/2025;6;4130;Calha Levantda;;;;
11/02/2025;6;4142;Calha Levantda;;;;
11/02/2025;6;4161;2 Teclado;;;;
11/02/2025;6;4200;Calha Levantda;;;;
11/02/2025;6;4201;Calha Levantda;;;;
11/02/2025;6;4188;Calha Levantda;;;;
11/02/2025;6;4456;Calha Levantda;;;;
11/02/2025;6;4707;Calha Levantda e PA sem internet;;;;
11/02/2025;3;1581;Deslacrado;;;;
11/02/2025;3;1582;Deslacrado;;;;
11/02/2025;3;1583;Deslacrado;;;;
11/02/2025;3;1584;Deslacrado;;;;
11/02/2025;3;1585;Deslacrado;;;;
11/02/2025;3;1586;Deslacrado;;;;
11/02/2025;3;1587;Deslacrado;;;;
11/02/2025;3;1588;Deslacrado;;;;
11/02/2025;3;1589;Deslacrado;;;;
11/02/2025;3;1590;Deslacrado;;;;
11/02/2025;3;1591;Deslacrado;;;;
11/02/2025;3;1592;Deslacrado;;;;
11/02/2025;3;1593;Deslacrado;;;;
11/02/2025;3;1594;Deslacrado;;;;
11/02/2025;3;1595;Deslacrado;;;;
11/02/2025;3;1596;Deslacrado;;;;
11/02/2025;3;1597;Deslacrado;;;;
11/02/2025;3;1598;Deslacrado;;;;
11/02/2025;3;1599;Deslacrado;;;;
11/02/2025;3;1600;Deslacrado;;;;
11/02/2025;3;1601;Deslacrado;;;;
11/02/2025;3;1602;Deslacrado;;;;
11/02/2025;3;1603;Deslacrado;;;;
11/02/2025;3;1604;Deslacrado;;;;
11/02/2025;3;1605;Deslacrado;;;;
11/02/2025;3;1606;Deslacrado;;;;
11/02/2025;3;1607;Deslacrado;;;;
11/02/2025;3;1608;Deslacrado;;;;
11/02/2025;3;1609;Deslacrado;;;;
11/02/2025;3;1610;Deslacrado;;;;
11/02/2025;3;1611;Deslacrado;;;;
11/02/2025;3;1612;Deslacrado;;;;
11/02/2025;3;1613;Deslacrado;;;;
11/02/2025;3;1614;Deslacrado;;;;
11/02/2025;3;1615;Deslacrado;;;;
11/02/2025;3;1616;Deslacrado;;;;
11/02/2025;3;1617;Deslacrado;;;;
11/02/2025;3;1618;Deslacrado;;;;
11/02/2025;3;1619;Deslacrado;;;;
11/02/2025;3;1620;Deslacrado;;;;
11/02/2025;3;1621;Deslacrado;;;;
11/02/2025;3;1622;Deslacrado;;;;
11/02/2025;3;1623;Deslacrado;;;;
11/02/2025;4;2475;Deslacrado;;;;
11/02/2025;4;2474;Deslacrado;;;;
11/02/2025;4;2473;Deslacrado;;;;
11/02/2025;4;2476;Deslacrado;;;;
11/02/2025;4;24800;Deslacrado;;;;
11/02/2025;4;2478;Deslacrado;;;;
11/02/2025;4;2484;Deslacrado;;;;
11/02/2025;4;2486;Deslacrado;;;;
11/02/2025;4;2639;Deslacrado;;;;
11/02/2025;4;2228;Calha levantada;;;;
11/02/2025;4;2237;Deslacrado;;;;
11/02/2025;5;3075;Deslacrado;;;;
11/02/2025;5;3070;Deslacrado;;;;
11/02/2025;5;3068;Deslacrado;;;;
11/02/2025;5;3066;Deslacrado;;;;
11/02/2025;5;3040;Deslacrado;;;;
11/02/2025;5;3033;Deslacrado;;;;
11/02/2025;5;3032;Deslacrado;;;;
11/02/2025;5;3028;Deslacrado;;;;
11/02/2025;5;3029;Deslacrado;;;;
11/02/2025;5;3030;Deslacrado;;;;
11/02/2025;5;3031;Deslacrado;;;;
11/02/2025;5;3026;Deslacrado;;;;
11/02/2025;5;3019;Deslacrado;;;;
11/02/2025;5;3018;Deslacrado;;;;
11/02/2025;5;3023;Deslacrado;;;;
11/02/2025;5;3016;Deslacrado;;;;
11/02/2025;5;3301;Deslacrado;;;;
11/02/2025;5;3303;Deslacrado;;;;
11/02/2025;5;3304;Deslacrado;;;;
11/02/2025;5;3310;Deslacrado;;;;
11/02/2025;5;3317;Deslacrado;;;;
11/02/2025;5;3323;Deslacrado e Sem internet;;;;
11/02/2025;5;3318;Deslacrado;;;;
11/02/2025;5;3324;Deslacrado;;;;
11/02/2025;5;3321;Deslacrado;;;;
11/02/2025;5;3327;Deslacrado;;;;
11/02/2025;5;3333;Deslacrado;;;;
11/02/2025;5;3364;Deslacrado;;;;
11/02/2025;5;3365;Deslacrado;;;;
11/02/2025;5;3378;Deslacrado;;;;
11/02/2025;5;3373;Deslacrado;;;;
11/02/2025;5;3380;Deslacrado;;;;
11/02/2025;5;3025;Deslacrado;;;;
11/02/2025;5;3022;Deslacrado;;;;
11/02/2025;5;3014;Deslacrado;;;;
11/02/2025;5;3013;Deslacrado;;;;
11/02/2025;5;3012;Deslacrado;;;;
11/02/2025;5;3011;Deslacrado;;;;
11/02/2025;5;3040;Deslacrado;;;;
11/02/2025;5;3030;Deslacrado;;;;
11/02/2025;5;3047;Deslacrado;;;;
11/02/2025;5;3046;Deslacrado;;;;
11/02/2025;5;3045;Deslacrado e USB conectado na frente;;;;
11/02/2025;5;3061;Deslacrado e USB conectado na frente;;;;
11/02/2025;5;3058;Deslacrado;;;;
11/02/2025;5;3065;Deslacrado e USB conectado na frente;;;;
11/02/2025;5;3106;Deslacrado e USB conectado na frente;;;;
11/02/2025;5;3197;Deslacrado;;;;
11/02/2025;5;3196;Deslacrado;;;;
11/02/2025;5;3205;Deslacrado;;;;
11/02/2025;5;3438;Deslacrado;;;;
11/02/2025;5;3635;Deslacrado;;;;
11/02/2025;5;3636;Deslacrado;;;;
11/02/2025;5;3552;Deslacrado;;;;
11/02/2025;5;3553;Deslacrado;;;;
11/02/2025;5;3558;Deslacrado;;;;
11/02/2025;5;3662;Deslacrado;;;;
11/02/2025;5;3661;Deslacrado;;;;
11/02/2025;5;3660;Deslacrado;;;;
11/02/2025;5;3659;Deslacrado;;;;
11/02/2025;5;3658;Deslacrado;;;;
11/02/2025;5;3142;Deslacrado;;;;
11/02/2025;5;3067;Deslacrado e USB conectado na frente;;;;
11/02/2025;5;3047;Deslacrado;;;;
11/02/2025;5;3046;Deslacrado;;;;
11/02/2025;5;3045;Deslacrado e USB conectado na frente;;;;
11/02/2025;5;3049;Deslacrado e Avaya com defeito;;;;
11/02/2025;5;3029;Deslacrado;;;;
11/02/2025;5;3452;Deslacrado;;;;
11/02/2025;5;3025;Deslacrado;;;;
11/02/2025;5;3022;Deslacrado;;;;
11/02/2025;5;3014;Deslacrado;;;;
11/02/2025;5;3013;Deslacrado;;;;
11/02/2025;5;3012;Deslacrado;;;;
11/02/2025;5;3011;Deslacrado;;;;
11/02/2025;5;3040;Deslagracado;;;;
11/02/2025;5;3030;Deslacrado;;;;
11/02/2025;5;3047;Deslacrado;;;;
11/02/2025;5;3046;Deslacrado;;;;
11/02/2025;5;3045;Deslacrado e USB conectado na frente;;;;
11/02/2025;6;4302;Deslacrado;;;;
11/02/2025;6;4310;Deslacrado;;;;
11/02/2025;6;4650;Calha levantada;;;;
11/02/2025;6;4450;USB Conectado na frente;;;;
11/02/2025;6;4754;PA bagunçada e tela invertida;;;;
11/02/2025;6;4752;PA bagunçada e tela invertida;;;;
11/02/2025;6;4735;PA  com o monitor fora de escala;;;;
11/02/2025;6;4817;PA bagunçada;;;;
11/02/2025;6;4726;Monitor invertido;;;;
11/02/2025;6;4389;Monitor em cima da máquina;;;;
11/02/2025;6;4462;USB Conectado na frente;;;;
11/02/2025;6;4258;Calha levantada delacrado e USB conectado na frente;;;;
11/02/2025;6;4143;Deslacrado;;;;
11/02/2025;6;4141;Deslacrado;;;;
11/02/2025;6;4222;Deslacrado;;;;
11/02/2025;6;4119;USB Conectado na frente;;;;
14/02/2025;2;6746;Cabo usb porta da frente;;;;
14/02/2025;2;6583;Deslacrado;;;;
14/02/2025;2;6658;Deslacrado;;;;
14/02/2025;3;1650;Cabo usb porta da frente;;;;
14/02/2025;3;1279;Cabo usb porta da frente;;;;
14/02/2025;3;231;pa bagunçada;;;;
14/02/2025;3;230;Deslacrado;;;;
14/02/2025;3;229;Deslacrado;;;;
14/02/2025;3;240;Deslacrado;;;;
14/02/2025;3;243;Deslacrado;;;;
14/02/2025;3;264;Deslacrado;;;;
14/02/2025;3;265;Deslacrado;;;;
14/02/2025;3;266;Deslacrado;;;;
14/02/2025;3;287;Deslacrado;;;;
14/02/2025;3;1609;um cabo conectado na porta da frente e não está lacrado.;;;;
14/02/2025;3;1608;Deslacrado;;;;
14/02/2025;3;1612;Deslacrado;;;;
14/02/2025;3;1360;Deslacrado;;;;
14/02/2025;3;1336;Deslacrado;;;;
14/02/2025;3;1331;Deslacrado;;;;
14/02/2025;3;1241;Deslacrado;;;;
14/02/2025;3;1242;Deslacrado;;;;
14/02/2025;3;1243;Deslacrado;;;;
14/02/2025;3;1381;está sem cabo de extensor;;;;
14/02/2025;3;1371;os cabos do ramal não está lacrado;;;;
14/02/2025;3;1383;sem cabo de extensor;;;;
14/02/2025;3;1384;não está lacrado;;;;
14/02/2025;3;1386;os cabos não está lacrado direito;;;;
14/02/2025;3;238;não está lacrado os cabos conectado na máquina e nem no ramal;;;;
14/02/2025;3;239;não está lacrado os cabos conectado na máquina e nem no ramal;;;;
14/02/2025;3;251;não está lacrado os cabos conectado na máquina e nem no ramal;;;;
14/02/2025;3;383;só tem máquina, ramal e teclado;;;;
14/02/2025;3;275;não está lacrado os cabos conectado na máquina e nem no ramal;;;;
14/02/2025;3;263;Deslacrado;;;;
14/02/2025;3;274;Deslacrado;;;;
14/02/2025;3;262;Deslacrado;;;;
14/02/2025;3;273;não está lacrado;;;;
14/02/2025;3;261;um cabo conectado na porta da frente da máquina;;;;
14/02/2025;3;260;Deslacrado;;;;
14/02/2025;3;259;um cabo conectado na porta da frente, não está lacrado os cabos;;;;
14/02/2025;3;271;Deslacrado;;;;
14/02/2025;3;257;Deslacrado;;;;
14/02/2025;3;1480;sem internet;;;;
14/02/2025;3;1541;calha levantada;;;;
14/02/2025;3;1641;Deslacrado;;;;
14/02/2025;3;1640;Deslacrado;;;;
14/02/2025;3;1234;Deslacrado;;;;
14/02/2025;3;1228;Deslacrado;;;;
14/02/2025;3;1211;teclado na pa;;;;
14/02/2025;3;1315;calha levantada;;;;
14/02/2025;3;1286;Deslacrado;;;;
14/02/2025;4;2141;sem máquina;;;;
14/02/2025;4;2117;2 mouse;;;;
14/02/2025;4;2123;um cabo conectado na porta da frente;;;;
14/02/2025;4;2295;um cabo conectado na porta da frente;;;;
14/02/2025;4;2347;um cabo conectado na porta da frente e está sem lacre;;;;
14/02/2025;4;2348;um cabo conectado na porta da frente;;;;
14/02/2025;4;2289;um cabo conectado na porta da frente e está sem lacre;;;;
14/02/2025;4;2288;um cabo conectado na porta da frente e está sem lacre;;;;
14/02/2025;4;2279;um cabo ac lacrado na PA, a máquina é mini Dell;;;;
14/02/2025;4;2278;um cabo ac lacrado na PA, a máquina é mini Dell;;;;
14/02/2025;4;2269;um cabo de vga lacrado junto com os cabos, a máquina não possui a entrada de vga;;;;
14/02/2025;4;2277;um cabo de vga e um cabo ac lacrado junto com os cabos, mini HP;;;;
14/02/2025;4;2320;um cabo conectado na porta da frente;;;;
14/02/2025;4;2266;um cabo ac lacrado junto com os cabos, mini dell;;;;
14/02/2025;4;2258;um cabo ac lacrado junto com os cabos, mini dell;;;;
14/02/2025;4;2257;um cabo ac lacrado junto com os cabos, mini dell;;;;
14/02/2025;4;2255;um cabo ac lacrado junto com os cabos, mini dell;;;;
14/02/2025;4;2558;um cabo conectado na porta da frente;;;;
14/02/2025;4;2559;Deslacrado;;;;
14/02/2025;4;2639;Deslacrado;;;;
14/02/2025;4;2640;Deslacrado;;;;
14/02/2025;4;2644;um cabo conectado na porta da frente;;;;
14/02/2025;4;2099;1 Ac e 1 Vga na pa;;;;
14/02/2025;4;2234;1 Cabo AC na pa;;;;
14/02/2025;4;2232;2 teclados na posição;;;;
14/02/2025;4;2254;1 Cabo AC na pa;;;;
14/02/2025;4;2220;máquina em recuperação;;;;
14/02/2025;4;2187;calha estava levantada;;;;
14/02/2025;4;2180;Deslacrado;;;;
14/02/2025;4;2179;Deslacrado;;;;
14/02/2025;4;2182;Deslacrado;;;;
14/02/2025;4;2183;Deslacrado;;;;
14/02/2025;4;2172;Deslacrado;;;;
14/02/2025;4;2167;Deslacrado;;;;
14/02/2025;4;2169;Deslacrado;;;;
14/02/2025;4;2174;Deslacrado;;;;
14/02/2025;4;2170;Deslacrado;;;;
14/02/2025;4;2171;Deslacrado;;;;
14/02/2025;5;3012;Deslacrado;;;;
14/02/2025;5;3011;Deslacrado;;;;
14/02/2025;5;3010;Deslacrado;;;;
14/02/2025;5;3009;Deslacrado;;;;
14/02/2025;5;3008;Deslacrado;;;;
14/02/2025;5;3418;Deslacrado;;;;
14/02/2025;5;3417;Deslacrado;;;;
14/02/2025;5;3547;Deslacrado;;;;
14/02/2025;5;3542;Deslacrado;;;;
14/02/2025;5;3544;Deslacrado;;;;
14/02/2025;5;3634;Deslacrado;;;;
14/02/2025;5;3641;Deslacrado;;;;
14/02/2025;5;3633;Deslacrado;;;;
14/02/2025;5;3636;não está lacrado e um cabo conectado na porta da frente;;;;
14/02/2025;5;3550;um cabo conectado na porta da frente;;;;
14/02/2025;5;3558;um cabo conectado na porta da frente;;;;
14/02/2025;5;3468;Deslacrado;;;;
14/02/2025;5;3097;Deslacrado;;;;
14/02/2025;5;3084;Deslacrado;;;;
14/02/2025;5;3086;Deslacrado;;;;
14/02/2025;5;3073;Cabo usb porta da frente;;;;
14/02/2025;5;3049;Cabo usb porta da frente;;;;
14/02/2025;5;3039;2 mouses na posição;;;;
14/02/2025;5;3025;Cabo usb porta da frente;;;;
14/02/2025;5;3015;Cabo usb porta da frente;;;;
14/02/2025;5;3016;Deslacrado;;;;
14/02/2025;5;3297;Deslacrado;;;;
14/02/2025;5;3304;Deslacrado;;;;
14/02/2025;5;3141;Deslacrado;;;;
14/02/2025;5;3133;Deslacrado;;;;
14/02/2025;5;3138;um cabo conectado na porta da frente e não está lacrado;;;;
14/02/2025;5;3127;Deslacrado;;;;
14/02/2025;5;3128;Deslacrado;;;;
14/02/2025;5;3120;Deslacrado;;;;
14/02/2025;5;3121;Deslacrado;;;;
14/02/2025;5;3113;Deslacrado;;;;
14/02/2025;5;3112;Deslacrado;;;;
14/02/2025;5;3109;Deslacrado;;;;
14/02/2025;5;3001;Deslacrado;;;;
14/02/2025;6;4208;um cabo conectado na porta da frente e não está lacrado;;;;
14/02/2025;6;4197;um cabo conectado na porta da frente e não está lacrado;;;;
14/02/2025;6;4196;um cabo conectado na porta da frente e não está lacrado;;;;
14/02/2025;6;4189;um cabo conectado na porta da frente e não está lacrado;;;;
14/02/2025;6;4174;um cabo conectado na porta da frente e não está lacrado;;;;
14/02/2025;6;4159;dois cabo conectado na porta da frente e não está lacrado;;;;
14/02/2025;6;4153;um cabo conectado na porta da frente e não está lacrado;;;;
14/02/2025;6;4161;um cabo conectado na porta da frente e não está lacrado;;;;
14/02/2025;6;4466;Deslacrado;;;;
14/02/2025;6;4463;Deslacrado;;;;
14/02/2025;6;4475;foi retirado um cabo de intelbras, por motivo estar com dois intelbras;;;;
14/02/2025;6;4497;um cabo conectado na porta da frente;;;;
14/02/2025;6;4498;um cabo conectado na porta da frente;;;;
14/02/2025;6;4829;Deslacrado;;;;
14/02/2025;6;4841;Deslacrado;;;;
14/02/2025;6;4756;um cabo conectado na porta da frente;;;;
14/02/2025;6;4746;um cabo conectado na porta da frente;;;;
14/02/2025;6;4744;um cabo conectado na porta da frente;;;;
14/02/2025;6;4752;tela de recuperação;;;;
14/02/2025;6;4734;um cabo conectado na porta da frente;;;;
14/02/2025;6;4735;um cabo conectado na porta da frente;;;;
14/02/2025;6;4796;um cabo conectado na porta da frente;;;;
14/02/2025;6;4719;um cabo conectado na porta da frente;;;;
14/02/2025;6;4728;um cabo conectado na porta da frente;;;;
14/02/2025;6;4732;um cabo conectado na porta da frente;;;;
14/02/2025;6;4680;foi retirado um cabo de intelbras, por motivo estar com dois intelbras;;;;
14/02/2025;6;4263;Deslacrado;;;;
14/02/2025;6;4264;2 intelbras;;;;
14/02/2025;6;4269;Cabo usb porta da frente;;;;
14/02/2025;6;4258;Deslacrado;;;;
14/02/2025;6;4251;maquina não funciona;;;;
14/02/2025;6;4233;Deslacrado;;;;
14/02/2025;6;4418;calha levantada;;;;
18/02/2025;2;6599;Deslacrado;;;;
18/02/2025;2;6583;Deslacrado;;;;
18/02/2025;2;6555;Deslacrado;;;;
18/02/2025;2;6646;Deslacrado;;;;
18/02/2025;2;6647;USB na frente e Deslacrado;;;;
18/02/2025;2;6769;Deslacrado;;;;
18/02/2025;2;6743;Deslacrado;;;;
18/02/2025;2;6734;Deslacrado;;;;
18/02/2025;2;6825;Deslacrado;;;;
18/02/2025;2;6601;2 extensores;;;;
18/02/2025;2;6556;Deslacrado;;;;
18/02/2025;2;6628;Deslacrado;;;;
18/02/2025;2;6599;Deslacrado;;;;
18/02/2025;2;6628;Deslacrado;;;;
18/02/2025;2;6599;Deslacrado;;;;
18/02/2025;2;6887;Deslacrado;;;;
18/02/2025;2;6938;Deslacrado;;;;
18/02/2025;2;6935;Deslacrado;;;;
18/02/2025;3;269;Deslacrado;;;;
18/02/2025;3;259;Deslacrado;;;;
18/02/2025;3;260;Deslacrado;;;;
18/02/2025;3;261;Deslacrado;;;;
18/02/2025;3;273;Deslacrado;;;;
18/02/2025;3;274;Deslacrado;;;;
18/02/2025;3;263;Deslacrado;;;;
18/02/2025;3;275;Deslacrado;;;;
18/02/2025;3;262;Deslacrado;;;;
18/02/2025;3;280;Deslacrado;;;;
18/02/2025;3;281;Deslacrado;;;;
18/02/2025;3;293;Deslacrado;;;;
18/02/2025;3;294;Deslacrado;;;;
18/02/2025;3;282;Deslacrado;;;;
18/02/2025;3;283;Deslacrado;;;;
18/02/2025;3;284;Deslacrado;;;;
18/02/2025;3;1288;Deslacrado;;;;
18/02/2025;3;1289;Deslacrado;;;;
18/02/2025;3;1399;Deslacrado;;;;
18/02/2025;3;1271;Deslacrado;;;;
18/02/2025;3;1265;Deslacrado;;;;
18/02/2025;3;1264;Deslacrado;;;;
18/02/2025;3;1282;Deslacrado;;;;
18/02/2025;3;1288;Deslacrado;;;;
18/02/2025;3;1436;Deslacrado;;;;
18/02/2025;3;1437;Deslacrado;;;;
18/02/2025;4;2472;Deslacrado;;;;
18/02/2025;4;2469;Deslacrado;;;;
18/02/2025;4;2480;Deslacrado;;;;
18/02/2025;4;2421;Deslacrado;;;;
18/02/2025;4;2414;Deslacrado;;;;
18/02/2025;4;2575;Deslacrado;;;;
18/02/2025;4;2580;Deslacrado;;;;
18/02/2025;5;3040;Deslacrado;;;;
18/02/2025;5;3033;Deslacrado;;;;
18/02/2025;5;3038;Deslacrado;;;;
18/02/2025;5;3029;USB na frente e Deslacrado;;;;
18/02/2025;5;3036;Deslacrado;;;;
18/02/2025;5;3045;Deslacrado;;;;
18/02/2025;5;3044;Deslacrado;;;;
18/02/2025;5;3043;Deslacrado;;;;
18/02/2025;5;3068;Deslacrado;;;;
18/02/2025;5;3067;Deslacrado;;;;
18/02/2025;5;3075;Deslacrado;;;;
18/02/2025;5;3073;Deslacrado e mouse e teclado na porta frente;;;;
18/02/2025;5;3072;Deslacrado;;;;
18/02/2025;5;3097;Deslacrado;;;;
18/02/2025;5;3303;Deslacrado;;;;
18/02/2025;5;3305;Deslacrado;;;;
18/02/2025;5;3306;Deslacrado;;;;
18/02/2025;5;3313;Deslacrado;;;;
18/02/2025;5;3314;Deslacrado;;;;
18/02/2025;5;3328;Deslacrado;;;;
18/02/2025;5;3338;Deslacrado;;;;
18/02/2025;5;3364;Deslacrado;;;;
18/02/2025;5;3390;Deslacrado;;;;
18/02/2025;5;3391;Deslacrado;;;;
18/02/2025;5;3393;Deslacrado;;;;
18/02/2025;5;3394;Deslacrado;;;;
18/02/2025;5;3385;Deslacrado;;;;
18/02/2025;5;3405;Deslacrado;;;;
18/02/2025;5;3404;Deslacrado;;;;
18/02/2025;5;3398;Deslacrado;;;;
18/02/2025;5;3399;Deslacrado;;;;
18/02/2025;5;3402;Deslacrado;;;;
18/02/2025;5;3493;Deslacrado;;;;
18/02/2025;5;3292;Deslacrado 2 mouses;;;;
18/02/2025;5;3483;Deslacrado;;;;
18/02/2025;5;3581;Deslacrado e mouse na parte da frente;;;;
18/02/2025;5;3586;Deslacrado;;;;
18/02/2025;5;3585;Deslacrado;;;;
18/02/2025;6;4487;Deslacrado;;;;
18/02/2025;6;4434;Deslacrado;;;;
18/02/2025;6;4429;Deslacrado;;;;
18/02/2025;6;4424;Deslacrado;;;;
18/02/2025;6;4423;Deslacrado;;;;
18/02/2025;6;4413;Deslacrado;;;;
18/02/2025;6;4412;Deslacrado;;;;
18/02/2025;6;4460;Deslacrado com 2 Intelbras;;;;
18/02/2025;6;4439;Deslacrado;;;;
18/02/2025;6;4431;Deslacrado;;;;
18/02/2025;6;4430;2 Intelbras;;;;
18/02/2025;6;4425;Deslacrado;;;;
18/02/2025;6;4569;Deslacrado;;;;
18/02/2025;6;4573;Deslacrado;;;;
18/02/2025;6;4583;Deslacrado;;;;
18/02/2025;6;4541;Deslacrado;;;;
18/02/2025;6;4135;Deslacrado;;;;
18/02/2025;6;4134;Deslacrado;;;;
18/02/2025;6;4241;Deslacrado;;;;
18/02/2025;6;4355;Deslacrado;;;;
18/02/2025;6;4258;Deslacrado e teclado na porta da frente;;;;
21/02/2025;2;6583;Monitor não liga;;;;
21/02/2025;2;6678;VGA Com defeito;;;;
21/02/2025;3;1609;Deslacrado;;;;
21/02/2025;3;1610;Deslacrado;;;;
21/02/2025;3;1612;Deslacrado;;;;
21/02/2025;3;1672;Deslacrado;;;;
21/02/2025;3;1677;Deslacrado;;;;
21/02/2025;3;1286;Deslacrado;;;;
21/02/2025;3;263;Máquina 402 G1 Descolando a parte da frente;;;;
21/02/2025;3;274;2 mouse;;;;
21/02/2025;3;1324;USB na porta da frente;;;;
21/02/2025;3;1344;USB na porta da frente;;;;
21/02/2025;3;1370;USB na porta da frente;;;;
21/02/2025;3;1426;USB na porta da frente;;;;
21/02/2025;4;2083;USB na porta da frente;;;;
21/02/2025;4;2076;USB na porta da frente;;;;
21/02/2025;4;2057;Calha levantada;;;;
21/02/2025;4;2558;USB na porta da frente;;;;
21/02/2025;4;2351;USB na porta da frente;;;;
21/02/2025;4;2306;Maquina encontrado;;;;
21/02/2025;4;2145;Intelbras cortado;;;;
21/02/2025;5;3122;USB na porta da frente;;;;
21/02/2025;5;3106;USB na porta da frente;;;;
21/02/2025;5;3105;USB na porta da frente;;;;
21/02/2025;5;3010;USB na porta da frente;;;;
21/02/2025;5;3022;USB na porta da frente;;;;
21/02/2025;5;3029;USB na porta da frente;;;;
21/02/2025;5;3051;USB na porta da frente;;;;
21/02/2025;5;3049;USB na porta da frente;;;;
21/02/2025;5;3073;USB na porta da frente;;;;
21/02/2025;5;3581;USB na porta da frente;;;;
21/02/2025;5;3585;USB na porta da frente;;;;
21/02/2025;5;3384;Sem T da fonte do ramal;;;;
21/02/2025;6;4534;AC solto;;;;
21/02/2025;6;4209;Teclado solto na PA;;;;
21/02/2025;6;4152;USB na porta da frente;;;;
21/02/2025;6;4162;USB na porta da frente;;;;
21/02/2025;6;4233;USB na porta da frente;;;;
21/02/2025;6;4234;PA bagunçada;;;;
21/02/2025;6;4241;Cabo conectado na frente;;;;
21/02/2025;6;4720;USB na porta da frente;;;;
21/02/2025;6;4709;USB na porta da frente;;;;
25/02/2025;2;6744;Monitor riscado;;;;
25/02/2025;3;1462;Ramal reinicializando;;;;
25/02/2025;3;1472;Sem rede;;;;
25/02/2025;3;263;Parte frontal saindo;;;;
25/02/2025;3;383;Sem rede;;;;
25/02/2025;3;;2 maquinas estragadas encontradas na infra;;;;
25/02/2025;4;2083;USB na porta da frente;;;;
25/02/2025;4;2076;USB na porta da frente;;;;
25/02/2025;4;2101;Teclado solto;;;;
25/02/2025;4;2558;USB na porta da frente;;;;
25/02/2025;4;2149;2 mouses;;;;
25/02/2025;4;2551;2 Extensores;;;;
25/02/2025;5;3073;USB na porta da frente;;;;
25/02/2025;5;3008;2 Teclados;;;;
25/02/2025;5;3105;USB na porta da frente;;;;
25/02/2025;5;3010;USB na porta da frente;;;;
25/02/2025;5;3022;USB na porta da frente;;;;
25/02/2025;5;3029;USB na porta da frente;;;;
25/02/2025;5;3051;USB na porta da frente;;;;
25/02/2025;5;3049;USB na porta da frente;;;;
25/02/2025;5;3073;USB na porta da frente;;;;
25/02/2025;5;3581;USB na porta da frente;;;;
25/02/2025;5;3835;USB na porta da frente;;;;
25/02/2025;5;3558;USB na porta da frente;;;;
25/02/2025;6;4670;USB na porta da frente;;;;
25/02/2025;6;4820;USB na porta da frente;;;;
25/02/2025;6;4152;USB na porta da frente;;;;
25/02/2025;6;4162;USB na porta da frente;;;;
25/02/2025;6;4233;USB na porta da frente;;;;
25/02/2025;6;4234;USB na porta da frente;;;;
25/02/2025;6;4241;USB na porta da frente;;;;
25/02/2025;6;4720;USB na porta da frente;;;;
25/02/2025;6;4709;USB na porta da frente;;;;
28/02/2025;2;6890;USB na porta da frente;;;;
28/02/2025;2;6810;USB na porta da frente;;;;
28/02/2025;3;1637;USB na porta da frente;;;;
28/02/2025;3;1659;USB na porta da frente;;;;
28/02/2025;3;1631;USB na porta da frente;;;;
28/02/2025;3;1374;Deslacrado;;;;
28/02/2025;3;1373;Deslacrado;;;;
28/02/2025;3;1372;Deslacrado;;;;
28/02/2025;3;1360;Deslacrado;;;;
28/02/2025;3;1375;USB na porta da frente;;;;
28/02/2025;3;1377;Deslacrado;;;;
28/02/2025;3;1378;Deslacrado;;;;
28/02/2025;3;1385;Deslacrado;;;;
28/02/2025;3;1384;Deslacrado;;;;
28/02/2025;3;1436;Deslacrado;;;;
28/02/2025;3;1434;Deslacrado;;;;
28/02/2025;3;1438;Deslacrado;;;;
28/02/2025;3;1462;Ramal com problema;;;;
28/02/2025;3;1309;Deslacrado;;;;
28/02/2025;3;1267;Deslacrado;;;;
28/02/2025;3;228;Deslacrado;;;;
28/02/2025;3;254;Deslacrado;;;;
28/02/2025;3;253;Deslacrado;;;;
28/02/2025;3;252;Deslacrado;;;;
28/02/2025;3;277;Deslacrado;;;;
28/02/2025;3;259;USB na porta da frente;;;;
28/02/2025;3;257;USB na porta da frente;;;;
28/02/2025;4;2056;Calha levantada;;;;
28/02/2025;4;2049;Deslacrado;;;;
28/02/2025;4;2046;Deslacrado;;;;
28/02/2025;4;2043;Deslacrado;;;;
28/02/2025;4;2141;Um monitor, um mouse, um teclado, um ac;;;;
28/02/2025;4;2126;USB na porta da frente;;;;
28/02/2025;4;2125;USB na porta da frente;;;;
28/02/2025;4;2123;USB na porta da frente;;;;
28/02/2025;4;2122;USB na porta da frente;;;;
28/02/2025;4;2558;USB na porta da frente;;;;
28/02/2025;4;2383;Calha levantada;;;;
28/02/2025;4;2249;Calha levantada;;;;
28/02/2025;4;2348;USB na porta da frente;;;;
28/02/2025;5;3146;USB na porta da frente;;;;
28/02/2025;5;3128;Deslacrado;;;;
28/02/2025;5;3122;USB na porta da frente;;;;
28/02/2025;5;3116;USB na porta da frente;;;;
28/02/2025;5;3001;USB na porta da frente;;;;
28/02/2025;5;3011;USB na porta da frente;;;;
28/02/2025;5;3010;USB na porta da frente;;;;
28/02/2025;5;3009;USB na porta da frente;;;;
28/02/2025;5;3021;Deslacrado;;;;
28/02/2025;5;3046;Deslacrado;;;;
28/02/2025;5;3051;USB na porta da frente;;;;
28/02/2025;5;3064;Calha levantada;;;;
28/02/2025;5;3316;Deslacrado;;;;
28/02/2025;5;3328;Deslacrado;;;;
28/02/2025;5;3394;Ramal sem o cabo fonte;;;;
28/02/2025;5;3526;Sem rede;;;;
28/02/2025;5;3624;Deslacrado;;;;
28/02/2025;6;4269;Um ac e um hdmi;;;;
28/02/2025;6;4264;2 Intelbras;;;;
28/02/2025;6;4159;USB na porta da frente;;;;
28/02/2025;6;4174;USB na porta da frente;;;;
28/02/2025;6;4204;2 Intelbras;;;;
28/02/2025;6;4411;USB na porta da frente;;;;
28/02/2025;6;4497;2 Intelbras;;;;
28/02/2025;6;4660;USB na porta da frente;;;;
28/02/2025;6;4667;USB na porta da frente;;;;
05/03/2025;2;6599;Deslacrado;;;;
05/03/2025;2;6583;Deslacrado;;;;
05/03/2025;2;6555;Deslacrado;;;;
05/03/2025;2;6646;Deslacrado;;;;
05/03/2025;2;6647;USB na porta da frente;;;;
05/03/2025;2;6769;Deslacrado;;;;
05/03/2025;2;6743;Deslacrado;;;;
05/03/2025;2;6734;Deslacrado;;;;
05/03/2025;2;6825;Deslacrado;;;;
05/03/2025;2;6601;2 Extensores;;;;
05/03/2025;2;6556;Deslacrado;;;;
05/03/2025;2;6628;Deslacrado;;;;
05/03/2025;4;2472;Deslacrado;;;;
05/03/2025;4;2469;Deslacrado;;;;
05/03/2025;4;2480;Deslacrado e 2 extensores;;;;
05/03/2025;4;2421;Deslacrado;;;;
05/03/2025;4;2414;Deslacrado;;;;
05/03/2025;4;2575;Deslacrado;;;;
05/03/2025;4;2580;Deslacrado;;;;
05/03/2025;5;3040;Deslacrado;;;;
05/03/2025;5;3033;Deslacrado;;;;
05/03/2025;5;3038;Deslacrado;;;;
05/03/2025;5;3029;Deslacrado e USB na frente;;;;
05/03/2025;5;3036;Deslacrado;;;;
05/03/2025;5;3045;Deslacrado;;;;
05/03/2025;5;3044;Deslacrado;;;;
05/03/2025;5;3043;Deslacrado;;;;
05/03/2025;5;3068;Deslacrado;;;;
05/03/2025;5;3067;Deslacrado;;;;
05/03/2025;5;3075;Deslacrado;;;;
05/03/2025;5;3073;Deslacrado e USB na frente;;;;
05/03/2025;5;3072;Deslacrado;;;;
05/03/2025;5;3092;Deslacrado;;;;
05/03/2025;5;3097;Deslacrado;;;;
05/03/2025;5;3303;Deslacrado;;;;
05/03/2025;5;3305;Deslacrado;;;;
05/03/2025;5;3306;Deslacrado;;;;
05/03/2025;5;3313;Deslacrado;;;;
05/03/2025;5;3328;Deslacrado;;;;
05/03/2025;5;3338;Deslacrado;;;;
05/03/2025;5;3390;Deslacrado;;;;
05/03/2025;5;3391;Deslacrado;;;;
05/03/2025;5;3393;Deslacrado;;;;
05/03/2025;5;3394;Deslacrado;;;;
05/03/2025;5;3385;Deslacrado;;;;
05/03/2025;5;3405;Deslacrado;;;;
05/03/2025;5;3404;Deslacrado;;;;
05/03/2025;5;3493;Deslacrado;;;;
05/03/2025;5;3292;Deslacrado e 2 mouses;;;;
05/03/2025;5;3483;Deslacrado;;;;
05/03/2025;5;3581;Deslacrado e USB na frente;;;;
05/03/2025;5;3586;Deslacrado;;;;
05/03/2025;5;3585;Deslacrado;;;;
05/03/2025;6;4487;Deslacrado;;;;
05/03/2025;6;4434;Deslacrado;;;;
05/03/2025;6;4429;Deslacrado;;;;
05/03/2025;6;4424;Deslacrado;;;;
05/03/2025;6;4423;Deslacrado;;;;
05/03/2025;6;4413;Deslacrado;;;;
05/03/2025;6;4412;Deslacrado;;;;
05/03/2025;6;4460;Deslacrado e 2 Intelbras;;;;
05/03/2025;6;4439;Deslacrado;;;;
05/03/2025;6;4431;Deslacrado;;;;
05/03/2025;6;4430;2 Intelbras;;;;
05/03/2025;6;4425;Deslacrado;;;;
05/03/2025;6;4569;Deslacrado;;;;
05/03/2025;6;4573;Deslacrado;;;;
05/03/2025;6;4583;Deslacrado;;;;
05/03/2025;6;4541;Deslacrado;;;;
05/03/2025;6;4135;Deslacrado;;;;
05/03/2025;6;4134;Deslacrado;;;;
05/03/2025;6;4355;Deslacrado;;;;
05/03/2025;6;4258;Deslacrado e USB na frente;;;;
11/03/2025;2;6583;Deslacrado ;;;;
11/03/2025;2;6597;Deslacrado ;;;;
11/03/2025;2;6599;Máquina com recuperação e o avaya sem Internet ;;;;
11/03/2025;2;6601;Deslacrado ;;;;
11/03/2025;2;6658;Deslacrado ;;;;
11/03/2025;2;6667;Deslacrado ;;;;
11/03/2025;2;6668;Deslacrado ;;;;
11/03/2025;5;3084;Deslacrado ;;;;
11/03/2025;5;3076;Máquina não liga;;;;
11/03/2025;5;3073;USB conectado na frente e deslacrado ;;;;
11/03/2025;5;3066;Deslacrado ;;;;
11/03/2025;5;3518;Deslacrado ;;;;
11/03/2025;5;3337;Deslacrado ;;;;
11/03/2025;5;3339;Deslacrado ;;;;
11/03/2025;5;3531;Deslacrado ;;;;
11/03/2025;5;3629;Deslacrado ;;;;
11/03/2025;5;3364;Deslacrado ;;;;
11/03/2025;5;3379;Deslacrado ;;;;
11/03/2025;5;3380;Deslacrado ;;;;
11/03/2025;5;3485;Deslacrado ;;;;
11/03/2025;5;3391;Deslacrado ;;;;
11/03/2025;5;3385;Deslacrado ;;;;
11/03/2025;5;3394;Deslacrado ;;;;
11/03/2025;5;3398;Deslacrado ;;;;
11/03/2025;5;3399;Deslacrado ;;;;
11/03/2025;5;3401;Deslacrado ;;;;
11/03/2025;6;4752;Deslacrado ;;;;
11/03/2025;6;4742;Deslacrado ;;;;
11/03/2025;6;4751;Deslacrado ;;;;
11/03/2025;6;4701;Deslacrado ;;;;
11/03/2025;6;4765;Deslacrado ;;;;
11/03/2025;6;4487;Deslacrado ;;;;
11/03/2025;6;4434;Deslacrado ;;;;
11/03/2025;6;4412;Deslacrado ;;;;
11/03/2025;6;4430;Deslacrado ;;;;
11/03/2025;6;4241;Deslacrado ;;;;
11/03/2025;6;4573;Deslacrado ;;;;
11/03/2025;6;4431;Deslacrado ;;;;
11/03/2025;6;4583;Deslacrado ;;;;
11/03/2025;6;4258;Deslacrado ;;;;
11/03/2025;6;4181;Deslacrado ;;;;
11/03/2025;6;4355;Sem teclado ;;;;
11/03/2025;6;4256;Deslacrado ;;;;
11/03/2025;6;4258;Deslacrado e USB conectado na frente ;;;;
11/03/2025;6;4259;Deslacrado ;;;;
11/03/2025;3;1599;Deslacrada ;;;;
11/03/2025;3;1591;Deslacrada ;;;;
11/03/2025;3;1640;Deslacrada ;;;;
11/03/2025;3;1638;2 intelbras ;;;;
11/03/2025;3;1642;Deslacrada ;;;;
11/03/2025;3;1659;Deslacrada ;;;;
11/03/2025;3;1656;Deslacrada ;;;;
11/03/2025;3;1368;Deslacrada ;;;;
11/03/2025;3;1374;Deslacrada ;;;;
11/03/2025;3;1350;Deslacrada ;;;;
11/03/2025;3;1237;Deslacrada ;;;;
11/03/2025;3;1234;Deslacrada ;;;;
11/03/2025;3;1330;Deslacrada ;;;;
11/03/2025;3;1375;Deslacrada e USB na frente ;;;;
11/03/2025;3;1377;Deslacrada ;;;;
11/03/2025;3;1378;Deslacrada ;;;;
11/03/2025;3;1386;Deslacrada ;;;;
11/03/2025;3;1385;Deslacrada ;;;;
11/03/2025;3;1384;Deslacrada ;;;;
11/03/2025;3;1382;Deslacrada ;;;;
11/03/2025;3;1381;Deslacrada ;;;;
11/03/2025;3;1403;Deslacrada ;;;;
11/03/2025;3;1404;Deslacrada ;;;;
11/03/2025;3;1410;Deslacrada ;;;;
11/03/2025;3;269;Deslacrada ;;;;
11/03/2025;3;259;Deslacrada ;;;;
11/03/2025;3;260;Deslacrada ;;;;
11/03/2025;3;261;Deslacrada ;;;;
11/03/2025;3;273;Deslacrada ;;;;
11/03/2025;3;262;Deslacrada ;;;;
11/03/2025;3;294;Deslacrada ;;;;
11/03/2025;4;2295;Deslacrada e USB na frente ;;;;
11/03/2025;4;2292;Deslacrada e mouse na frente ;;;;
11/03/2025;4;2299;Deslacrada e 2 mouse na pa;;;;
11/03/2025;4;2300;Deslacrada ;;;;
11/03/2025;4;2352;Deslacrada ;;;;
11/03/2025;4;2350;Deslacrada ;;;;
11/03/2025;4;2289;Deslacrada e USB na frente ;;;;
11/03/2025;4;2288;Mouse na frente ;;;;
11/03/2025;4;2282;Deslacrada ;;;;
11/03/2025;4;2058;Deslacrada ;;;;
11/03/2025;4;2049;Deslacrada ;;;;
11/03/2025;4;2065;Deslacrada ;;;;
11/03/2025;4;2063;Deslacrada ;;;;
11/03/2025;4;2185;Deslacrada ;;;;
11/03/2025;4;2184;Deslacrada ;;;;
11/03/2025;4;2196;Deslacrada ;;;;
11/03/2025;4;2187;Deslacrada ;;;;
11/03/2025;6;4456;Deslacrada ;;;;
11/03/2025;6;4460;USB deslacrada ;;;;
11/03/2025;6;4480;Deslacrada ;;;;
11/03/2025;6;4476;Deslacrada ;;;;
11/03/2025;6;4478;Deslacrada ;;;;
11/03/2025;6;4487;Deslacrada ;;;;
11/03/2025;6;4489;Deslacrada ;;;;
11/03/2025;6;4432;Deslacrada ;;;;
11/03/2025;6;4135;Deslacrada ;;;;
11/03/2025;6;4134;Deslacrada ;;;;
11/03/2025;6;4133;Deslacrada ;;;;
11/03/2025;6;4131;Deslacrada ;;;;
11/03/2025;6;4125;Deslacrada ;;;;
11/03/2025;6;4126;Deslacrada e USB na frente;;;;
11/03/2025;6;4058;Deslacrada ;;;;
11/03/2025;6;4065;USB na frente e deslacrada ;;;;
11/03/2025;6;4067;Deslacrada ;;;;
11/03/2025;6;4051;Deslacrada ;;;;
14/03/2025;5;3298;Sem lacre;;;;
14/03/2025;5;3297;Cabo USB na porta da frente;;;;
14/03/2025;5;3291;Cabo USB na porta da frente;;;;
14/03/2025;6;4279;Máquina, AC mouse teclado na pa jogado;;;;
14/03/2025;6;4269;Cabo USB na porta da frente;;;;
14/03/2025;6;4255;Sem teclado;;;;
14/03/2025;6;4258;Cabo USB na porta da frente;;;;
14/03/2025;6;4236;Cabo USB na porta da frente;;;;
14/03/2025;6;4135;Cabo USB na porta da frente;;;;
14/03/2025;6;4126;Cabo USB na porta da frente;;;;
14/03/2025;6;4494;2 intelbras;;;;
14/03/2025;5;3493;Sem lacre;;;;
14/03/2025;5;3644;Sem lacre;;;;
14/03/2025;5;3623;Sem lacre;;;;
14/03/2025;6;4159;Sem lacre;;;;
14/03/2025;6;4067;Sem lacre;;;;
14/03/2025;6;4058;Sem lacre;;;;
14/03/2025;6;4670;Mouse parte da frente sem lacre;;;;
18/03/2025;2;6583;Deslacrado;;;;
18/03/2025;2;6584;Deslacrado;;;;
18/03/2025;2;6601;Deslacrado;;;;
18/03/2025;2;6599;Deslacrado e sem Internet;;;;
18/03/2025;2;6622;Deslacrado;;;;
18/03/2025;2;6624;Cabo AC queimado;;;;
18/03/2025;2;6625;Deslacrado;;;;
18/03/2025;2;6635;Deslacrado;;;;
18/03/2025;2;6636;Deslacrado;;;;
18/03/2025;2;6647;Deslacrado;;;;
18/03/2025;2;6666;Deslacrado;;;;
18/03/2025;2;6667;Deslacrado;;;;
18/03/2025;2;6668;Deslacrado;;;;
18/03/2025;2;6686;Deslacrado;;;;
18/03/2025;2;6811;Deslacrado;;;;
18/03/2025;2;6810;Deslacrado;;;;
18/03/2025;2;6808;Deslacrado;;;;
18/03/2025;2;6822;Deslacrado;;;;
18/03/2025;2;6887;Deslacrado;;;;
18/03/2025;2;6895;Deslacrado;;;;
18/03/2025;2;6901;Deslacrado;;;;
18/03/2025;2;6900;Deslacrado;;;;
18/03/2025;2;6918;Deslacrado;;;;
18/03/2025;2;6968;Deslacrado;;;;
18/03/2025;3;1581;Deslacrado;;;;
18/03/2025;3;1672;Deslacrado;;;;
18/03/2025;3;1659;Deslacrado;;;;
18/03/2025;3;1656;Deslacrado;;;;
18/03/2025;3;1443;Deslacrado;;;;
18/03/2025;3;1436;Deslacrado;;;;
18/03/2025;3;1438;Deslacrado;;;;
18/03/2025;3;1439;Deslacrado;;;;
18/03/2025;3;1435;Deslacrado;;;;
18/03/2025;3;1434;Deslacrado;;;;
18/03/2025;3;1284;Deslacrado;;;;
18/03/2025;3;1289;Deslacrado;;;;
18/03/2025;3;1280;Deslacrado;;;;
18/03/2025;3;1410;Deslacrado;;;;
18/03/2025;3;1405;Deslacrado;;;;
18/03/2025;3;1404;Deslacrado;;;;
18/03/2025;3;1407;Deslacrado;;;;
18/03/2025;3;1381;Deslacrado;;;;
18/03/2025;3;1375;Deslacrado;;;;
18/03/2025;3;1377;Deslacrado;;;;
18/03/2025;3;1378;Deslacrado;;;;
18/03/2025;3;1379;Deslacrado;;;;
18/03/2025;3;1380;Deslacrado;;;;
18/03/2025;3;1259;Pa sem Internet;;;;
18/03/2025;4;2155;Deslacrado;;;;
18/03/2025;4;2089;Deslacrado;;;;
18/03/2025;4;2077;Deslacrado;;;;
18/03/2025;4;2193;Deslacrado;;;;
18/03/2025;4;2179;Deslacrado;;;;
18/03/2025;4;2171;Deslacrado;;;;
18/03/2025;4;2169;Deslacrado;;;;
18/03/2025;4;2167;Deslacrado e calha levantada;;;;
18/03/2025;4;2064;Deslacrado;;;;
18/03/2025;4;2069;Deslacrado;;;;
18/03/2025;4;2126;Dois mouse;;;;
18/03/2025;4;2126;Dois mouse;;;;
18/03/2025;4;2287;Deslacrado;;;;
18/03/2025;4;2234;Deslacrado;;;;
18/03/2025;4;2233;Deslacrado;;;;
18/03/2025;4;2476;Deslacrado;;;;
18/03/2025;4;2475;Deslacrado;;;;
18/03/2025;4;2474;Deslacrado;;;;
18/03/2025;4;2487;Deslacrado;;;;
18/03/2025;4;2485;Deslacrado;;;;
18/03/2025;4;2484;Deslacrado;;;;
18/03/2025;4;2414;Deslacrado;;;;
18/03/2025;4;2490;Deslacrado;;;;
18/03/2025;4;2494;Deslacrado;;;;
18/03/2025;4;2639;Deslacrado;;;;
18/03/2025;4;2644;Deslacrado;;;;
18/03/2025;4;2567;Deslacrado;;;;
18/03/2025;4;2572;Deslacrado;;;;
18/03/2025;5;3291;Deslacrado;;;;
18/03/2025;5;3424;Deslacrado;;;;
18/03/2025;5;3305;Deslacrado;;;;
18/03/2025;5;3306;Deslacrado;;;;
18/03/2025;5;3307;Deslacrado;;;;
18/03/2025;5;3318;Deslacrado;;;;
18/03/2025;5;3319;Deslacrado;;;;
18/03/2025;5;3326;Deslacrado;;;;
18/03/2025;5;3436;Deslacrado;;;;
18/03/2025;5;3430;Deslacrado;;;;
18/03/2025;5;3529;Deslacrado;;;;
18/03/2025;5;3364;Deslacrado;;;;
18/03/2025;5;3376;Deslacrado;;;;
18/03/2025;5;3377;Deslacrado;;;;
18/03/2025;5;3379;Deslacrado;;;;
18/03/2025;5;3376;Deslacrado;;;;
18/03/2025;5;3375;Deslacrado;;;;
18/03/2025;5;3489;Deslacrado;;;;
18/03/2025;5;3561;Deslacrado;;;;
18/03/2025;5;3560;Deslacrado;;;;
18/03/2025;5;3565;Deslacrado;;;;
18/03/2025;5;3575;Deslacrado;;;;
18/03/2025;5;3493;Deslacrado;;;;
18/03/2025;5;3580;Deslacrado;;;;
18/03/2025;5;3565;Deslacrado;;;;
18/03/2025;5;3075;Deslacrado;;;;
18/03/2025;5;3073;Deslacrado;;;;
18/03/2025;5;3070;Deslacrado;;;;
18/03/2025;5;3080;Deslacrado;;;;
18/03/2025;5;3069;Deslacrado;;;;
18/03/2025;5;3068;Deslacrado;;;;
18/03/2025;5;3067;Deslacrado;;;;
18/03/2025;5;3066;Deslacrado;;;;
18/03/2025;5;3058;Deslacrado;;;;
18/03/2025;5;3055;Deslacrado;;;;
18/03/2025;5;3053;Deslacrado e USB conectado na frente;;;;
18/03/2025;5;3044;Deslacrado;;;;
18/03/2025;5;3121;Deslacrado;;;;
18/03/2025;5;3122;USB conectado na frente;;;;
18/03/2025;5;3028;Deslacrado;;;;
18/03/2025;6;4267;Deslacrado;;;;
18/03/2025;6;4257;Deslacrado e Sem teclado;;;;
18/03/2025;6;4180;Deslacrado;;;;
18/03/2025;6;4241;Deslacrado;;;;
18/03/2025;6;4236;Deslacrado;;;;
18/03/2025;6;4238;Deslacrado;;;;
18/03/2025;6;4239;Deslacrado;;;;
18/03/2025;6;4159;Deslacrado;;;;
18/03/2025;6;4805;Deslacrado;;;;
18/03/2025;6;4737;Deslacrado;;;;
18/03/2025;6;4569;Deslacrado;;;;
18/03/2025;6;4773;Deslacrado;;;;
18/03/2025;6;4668;Deslacrado;;;;
18/03/2025;6;4669;Deslacrado;;;;
18/03/2025;6;4683;USB conectado na frente;;;;
18/03/2025;6;4684;USB conectado na frente;;;;
28/03/2025;2;6599;Deslacrado;;;;
28/03/2025;2;6601;Deslacrado;;;;
28/03/2025;2;6635;Deslacrado;;;;
28/03/2025;2;6636;Deslacrado;;;;
28/03/2025;2;6647;Deslacrado;;;;
28/03/2025;2;6646;Deslacrado;;;;
28/03/2025;2;6667;Deslacrado;;;;
28/03/2025;2;6668;Deslacrado;;;;
28/03/2025;2;6658;Deslacrado;;;;
28/03/2025;2;6651;Deslacrado;;;;
28/03/2025;2;6657;Deslacrado;;;;
28/03/2025;2;6943;Deslacrado;;;;
28/03/2025;2;6938;Deslacrado;;;;
28/03/2025;2;6937;Deslacrado;;;;
28/03/2025;2;6935;Deslacrado;;;;
28/03/2025;2;6947;Deslacrado;;;;
28/03/2025;2;6945;Deslacrado;;;;
28/03/2025;2;6944;Deslacrado;;;;
28/03/2025;2;6887;Deslacrado;;;;
28/03/2025;2;6866;Deslacrado e USB na frente;;;;
28/03/2025;2;6810;Deslacrado;;;;
28/03/2025;2;6800;Deslacrado e mouse na frente;;;;
28/03/2025;3;1581;Deslacrado;;;;
28/03/2025;3;1599;Deslacrado;;;;
28/03/2025;3;1639;Deslacrado;;;;
28/03/2025;3;1645;Deslacrado;;;;
28/03/2025;3;1659;Deslacrado;;;;
28/03/2025;3;1657;Deslacrado;;;;
28/03/2025;3;1656;Deslacrado;;;;
28/03/2025;3;1649;Deslacrado;;;;
28/03/2025;3;1654;Deslacrado;;;;
28/03/2025;3;1375;Deslacrado;;;;
28/03/2025;3;1378;Deslacrado;;;;
28/03/2025;3;1386;Deslacrado;;;;
28/03/2025;3;1385;Deslacrado;;;;
28/03/2025;3;1382;Deslacrado e mouse na frente;;;;
28/03/2025;3;1381;Deslacrado;;;;
28/03/2025;3;1393;Deslacrado;;;;
28/03/2025;3;1392;Deslacrado;;;;
28/03/2025;3;1403;Deslacrado;;;;
28/03/2025;3;1410;Deslacrado;;;;
28/03/2025;3;1417;Mouse na frente;;;;
28/03/2025;3;1418;Deslacrado;;;;
28/03/2025;3;1436;Deslacrado;;;;
28/03/2025;3;1437;Deslacrado;;;;
28/03/2025;3;1438;Deslacrado;;;;
28/03/2025;3;1439;Deslacrado;;;;
28/03/2025;3;1435;Deslacrado;;;;
28/03/2025;3;1442;Deslacrado;;;;
28/03/2025;3;1463;Deslacrado;;;;
28/03/2025;3;1464;Deslacrado;;;;
28/03/2025;3;1457;Deslacrado e teclado na frente;;;;
28/03/2025;3;1312;Deslacrado;;;;
28/03/2025;3;1292;Deslacrado;;;;
28/03/2025;3;1284;Deslacrado;;;;
28/03/2025;3;1264;Deslacrado;;;;
28/03/2025;3;1270;Deslacrado;;;;
28/03/2025;3;1254;Deslacrado;;;;
28/03/2025;3;297;Deslacrado;;;;
28/03/2025;3;293;Deslacrado;;;;
28/03/2025;3;257;Deslacrado;;;;
28/03/2025;3;269;Deslacrado;;;;
28/03/2025;3;270;Deslacrado;;;;
28/03/2025;3;260;Deslacrado;;;;
28/03/2025;3;261;Deslacrado;;;;
28/03/2025;3;262;Deslacrado;;;;
28/03/2025;3;274;Deslacrado e mouse na frente;;;;
28/03/2025;3;275;Deslacrado;;;;
28/03/2025;3;255;Deslacrado;;;;
28/03/2025;3;266;Deslacrado;;;;
28/03/2025;3;265;Deslacrado;;;;
28/03/2025;3;264;Deslacrado;;;;
28/03/2025;3;252;Deslacrado;;;;
28/03/2025;3;253;Deslacrado;;;;
28/03/2025;3;254;Deslacrado;;;;
28/03/2025;3;255;Deslacrado;;;;
28/03/2025;3;242;Deslacrado;;;;
28/03/2025;3;240;Deslacrado;;;;
28/03/2025;3;228;Deslacrado;;;;
28/03/2025;3;229;Deslacrado;;;;
28/03/2025;3;231;Deslacrado;;;;
28/03/2025;3;232;Deslacrado;;;;
28/03/2025;3;242;Deslacrado;;;;
28/03/2025;3;238;Deslacrado;;;;
28/03/2025;4;2020;Deslacrado;;;;
28/03/2025;4;2023;Deslacrado e mouse na frente;;;;
28/03/2025;4;2033;Deslacrado;;;;
28/03/2025;4;2145;Deslacrado;;;;
28/03/2025;4;2137;Deslacrado;;;;
28/03/2025;4;2046;Deslacrado;;;;
28/03/2025;4;2043;Deslacrado;;;;
28/03/2025;4;2060;Deslacrado e mouse na frente;;;;
28/03/2025;4;2067;Deslacrado;;;;
28/03/2025;4;2073;Deslacrado;;;;
28/03/2025;4;2179;Deslacrado;;;;
28/03/2025;4;2178;Deslacrado;;;;
28/03/2025;4;2177;Deslacrado;;;;
28/03/2025;4;2182;Deslacrado e intelbras na frente;;;;
28/03/2025;4;2194;Deslacrado;;;;
28/03/2025;4;2243;Deslacrado;;;;
28/03/2025;4;2238;Deslacrado;;;;
28/03/2025;4;2237;Deslacrado e USB na porta da frente;;;;
28/03/2025;4;2235;Deslacrado;;;;
28/03/2025;4;2234;Deslacrado;;;;
28/03/2025;4;2233;Deslacrado e mouse na frente;;;;
28/03/2025;4;2227;Deslacrado;;;;
28/03/2025;4;2223;Deslacrado;;;;
28/03/2025;4;2222;Deslacrado e sem intelbras;;;;
28/03/2025;4;2221;Deslacrado;;;;
28/03/2025;4;2215;Deslacrado;;;;
28/03/2025;4;2209;Deslacrado;;;;
28/03/2025;4;2208;Deslacrado e mouse na frente;;;;
28/03/2025;4;2204;Deslacrado;;;;
28/03/2025;4;2203;Deslacrado e teclado na frente;;;;
28/03/2025;4;2201;Deslacrado;;;;
28/03/2025;4;2249;Deslacrado;;;;
28/03/2025;4;2244;Deslacrado;;;;
28/03/2025;4;2250;Deslacrado;;;;
28/03/2025;4;2245;Deslacrado;;;;
28/03/2025;4;2251;Deslacrado;;;;
28/03/2025;4;2247;Deslacrado;;;;
28/03/2025;4;2266;Deslacrado e sem intelbras;;;;
28/03/2025;4;2351;Deslacrado;;;;
28/03/2025;4;2348;Deslacrado;;;;
28/03/2025;4;2352;Deslacrado e intelbras na frente;;;;
28/03/2025;4;2392;Deslacrado;;;;
28/03/2025;4;2293;Deslacrado e mouse e teclado na frente;;;;
28/03/2025;4;2292;Deslacrado;;;;
28/03/2025;4;2476;Deslacrado;;;;
28/03/2025;4;2475;Deslacrado;;;;
28/03/2025;4;2487;Deslacrado;;;;
28/03/2025;4;2486;Deslacrado;;;;
28/03/2025;4;2494;Deslacrado;;;;
28/03/2025;4;2491;Deslacrado;;;;
28/03/2025;4;2554;Deslacrado;;;;
28/03/2025;4;2564;Deslacrado e mouse na frente;;;;
28/03/2025;4;2639;Deslacrado;;;;
28/03/2025;4;2644;Deslacrado;;;;
28/03/2025;5;3295;Deslacrado;;;;
28/03/2025;5;3297;Deslacrado;;;;
28/03/2025;5;3305;Deslacrado;;;;
28/03/2025;5;3322;Deslacrado;;;;
28/03/2025;5;3318;Deslacrado;;;;
28/03/2025;5;3328;Deslacrado;;;;
28/03/2025;5;3336;Deslacrado;;;;
28/03/2025;5;3368;Deslacrado;;;;
28/03/2025;5;3376;Deslacrado e teclado na frente;;;;
28/03/2025;5;3378;Deslacrado;;;;
28/03/2025;5;3391;Deslacrado;;;;
28/03/2025;5;3393;Deslacrado;;;;
28/03/2025;5;3649;Deslacrado;;;;
28/03/2025;5;3404;Deslacrado;;;;
28/03/2025;5;3405;Deslacrado;;;;
28/03/2025;5;3401;Deslacrado;;;;
28/03/2025;5;3402;Deslacrado;;;;
28/03/2025;5;3488;Deslacrado;;;;
28/03/2025;5;3481;Deslacrado e ramal sem Internet;;;;
28/03/2025;5;3484;Deslacrado;;;;
28/03/2025;5;3558;Deslacrado;;;;
28/03/2025;5;3465;Deslacrado e mouse na frente;;;;
28/03/2025;5;3644;Deslacrado;;;;
28/03/2025;5;3638;Deslacrado;;;;
28/03/2025;5;3633;Deslacrado;;;;
28/03/2025;5;3634;Deslacrado;;;;
28/03/2025;5;3635;Deslacrado;;;;
28/03/2025;5;3636;Deslacrado;;;;
28/03/2025;6;4203;Deslacrado 2 mouse;;;;
28/03/2025;6;4185;Deslacrado;;;;
28/03/2025;6;4187;Deslacrado;;;;
28/03/2025;6;4193;Deslacrado;;;;
28/03/2025;6;4161;Mouse na frente;;;;
28/03/2025;6;4153;Deslacrado;;;;
28/03/2025;6;4236;Deslacrado;;;;
28/03/2025;6;4238;Deslacrado e intelbras na frente;;;;
28/03/2025;6;4239;Deslacrado;;;;
28/03/2025;6;4255;Deslacrado;;;;
28/03/2025;6;4129;Deslacrado;;;;
28/03/2025;6;4067;Deslacrado;;;;
28/03/2025;6;4065;Deslacrado;;;;
28/03/2025;6;4064;Deslacrado e 2 mouse;;;;
28/03/2025;6;4063;Deslacrado e intelbras na frente;;;;
28/03/2025;6;4059;Deslacrado e intelbras na frente;;;;
02/04/2025;2;6583;Deslacrado;; ; ;
02/04/2025;2;6587;Deslacrado;; ; ;
02/04/2025;2;6597;Deslacrado;; ; ;
02/04/2025;2;6601;Deslacrado;; ; ;
02/04/2025;2;6619;Monitor não liga;; ; ;
02/04/2025;2;6632;Deslacrado;; ; ;
02/04/2025;2;6630;Deslacrado;; ; ;
02/04/2025;2;6629;Deslacrado;; ; ;
02/04/2025;2;6628;Deslacrado;; ; ;
02/04/2025;2;6634;Deslacrado;; ; ;
02/04/2025;2;6633;Deslacrado;; ; ;
02/04/2025;2;6635;Deslacrado;; ; ;
02/04/2025;2;6636;Deslacrado;; ; ;
02/04/2025;2;6647;Deslacrado;; ; ;
02/04/2025;2;6646;Deslacrado;; ; ;
02/04/2025;2;6666;Deslacrado;; ; ;
02/04/2025;2;6667;Deslacrado;; ; ;
02/04/2025;2;6668;Deslacrado;; ; ;
02/04/2025;2;6868;Deslacrado;; ; ;
02/04/2025;2;6805;Deslacrado;; ; ;
02/04/2025;2;6810;Deslacrado;; ; ;
02/04/2025;2;6808;Deslacrado;; ; ;
02/04/2025;3;1381;Deslacrado;; ; ;
02/04/2025;3;1382;Deslacrado;; ; ;
02/04/2025;3;1383;Deslacrado;; ; ;
02/04/2025;3;1383;Deslacrado;; ; ;
02/04/2025;3;1384;Deslacrado;; ; ;
02/04/2025;3;1386;Deslacrado;; ; ;
02/04/2025;3;1378;Deslacrado;; ; ;
02/04/2025;3;1377;Deslacrado;; ; ;
02/04/2025;3;1376;Deslacrado e ramal não liga;;; ;
02/04/2025;3;1257;Deslacrado;; ; ;
02/04/2025;3;1256;Deslacrado;; ; ;
02/04/2025;3;1252;Deslacrado;; ; ;
02/04/2025;3;1398;Deslacrado;; ; ;
02/04/2025;3;1399;Deslacrado;; ; ;
02/04/2025;3;1392;Deslacrado;; ; ;
02/04/2025;3;1391;Deslacrado USB conectado na frente;;;;
02/04/2025;3;1388;Deslacrado;; ; ;
02/04/2025;3;1282;Deslacrado;; ; ;
02/04/2025;3;1281;Dois mouse na pa;; ; ;
02/04/2025;3;1279;Deslacrado;; ; ;
02/04/2025;3;1278;Deslacrado;; ; ;
02/04/2025;3;1278;Deslacrado;; ; ;
02/04/2025;3;1273;Deslacrado;; ; ;
02/04/2025;3;1273;Deslacrado;; ; ;
02/04/2025;3;1274;Deslacrado;; ; ;
02/04/2025;3;251;Deslacrado;; ; ;
02/04/2025;3;249;Deslacrado;; ; ;
02/04/2025;3;245;Deslacrado;; ; ;
02/04/2025;3;243;Deslacrado;; ; ;
02/04/2025;3;241;Deslacrado;; ; ;
02/04/2025;3;240;Deslacrado;; ; ;
02/04/2025;3;263;Deslacrado;; ; ;
02/04/2025;3;231;Deslacrado;; ; ;
02/04/2025;3;230;Deslacrado;; ; ;
02/04/2025;3;242;Deslacrado;; ; ;
02/04/2025;3;241;Deslacrado;; ; ;
02/04/2025;3;229;Deslacrado;; ; ;
02/04/2025;3;228;Deslacrado;; ; ;
02/04/2025;3;1361;Deslacrado;; ; ;
02/04/2025;3;1364;Máquina com erro no HD;;; ;
02/04/2025;3;1365;Máquina não liga;; ; ;
02/04/2025;3;1366;Deslacrado;; ; ;
02/04/2025;3;1367;Deslacrado;; ; ;
02/04/2025;3;1374;Deslacrado;; ; ;
02/04/2025;3;1372;Deslacrado;; ; ;
02/04/2025;3;1371;Deslacrado;; ; ;
02/04/2025;3;1370;Deslacrado;; ; ;
02/04/2025;3;1368;Deslacrado;; ; ;
02/04/2025;3;1237;Deslacrado;; ; ;
02/04/2025;3;1236;Deslacrado;; ; ;
02/04/2025;3;1234;Deslacrado;; ; ;
02/04/2025;3;1232;Deslacrado;; ; ;
02/04/2025;3;1227;Deslacrado;; ; ;
02/04/2025;3;1228;Deslacrado;; ; ;
02/04/2025;3;1353;Deslacrado;; ; ;
02/04/2025;3;1353;Deslacrado;; ; ;
02/04/2025;3;1358;Máquina com tela azul;;; ;
02/04/2025;3;1581;Deslacrado;; ; ;
02/04/2025;3;1580;Deslacrado;; ; ;
02/04/2025;3;1599;Deslacrado;; ; ;
02/04/2025;3;1592;Deslacrado;; ; ;
02/04/2025;3;1597;Deslacrado;; ; ;
02/04/2025;4;2130;Deslacrado e sem Internet;;; ;
02/04/2025;4;2128;Deslacrado;; ; ;
02/04/2025;4;2127;Deslacrado;; ; ;
02/04/2025;4;2145;Deslacrado;; ; ;
02/04/2025;4;2006;Deslacrado;; ; ;
02/04/2025;4;2145;Deslacrado;; ; ;
02/04/2025;4;2146;Deslacrado;; ; ;
02/04/2025;4;2152;Deslacrado;; ; ;
02/04/2025;4;2278;Deslacrado;; ; ;
02/04/2025;4;2270;Deslacrado;; ; ;
02/04/2025;4;2277;Deslacrado;; ; ;
02/04/2025;4;2295;Deslacrado;; ; ;
02/04/2025;4;2296;Deslacrado;; ; ;
02/04/2025;4;2294;Deslacrado;; ; ;
02/04/2025;4;2248;Deslacrado;; ; ;
02/04/2025;4;2247;Deslacrado;; ; ;
02/04/2025;4;2252;Deslacrado;; ; ;
02/04/2025;4;2245;Deslacrado;; ; ;
02/04/2025;4;2244;Deslacrado;; ; ;
02/04/2025;4;2223;Deslacrado;; ; ;
02/04/2025;4;2222;Deslacrado;; ; ;
02/04/2025;4;2221;Deslacrado;; ; ;
02/04/2025;4;2472;Deslacrado;; ; ;
02/04/2025;4;2471;Deslacrado;; ; ;
02/04/2025;4;2470;Deslacrado;; ; ;
02/04/2025;4;2476;Deslacrado;; ; ;
02/04/2025;4;2475;Deslacrado;; ; ;
02/04/2025;4;2474;Deslacrado;; ; ;
02/04/2025;4;2473;Deslacrado;; ; ;
02/04/2025;4;2487;Deslacrado;; ; ;
02/04/2025;4;2486;Deslacrado;; ; ;
02/04/2025;4;2559;Deslacrado;; ; ;
02/04/2025;4;2559;Deslacrado;; ; ;
02/04/2025;4;2639;Deslacrado;; ; ;
02/04/2025;4;2642;Deslacrado;; ; ;
02/04/2025;5;3097;Deslacrado;; ; ;
02/04/2025;5;3096;Deslacrado;; ; ;
02/04/2025;5;3085;Deslacrado;; ; ;
02/04/2025;5;3084;Deslacrado;; ; ;
02/04/2025;5;3073;Deslacrado;; ; ;
02/04/2025;5;3070;Deslacrado;; ; ;
02/04/2025;5;3077;Deslacrado;; ; ;
02/04/2025;5;3355;Deslacrado;; ; ;
02/04/2025;5;3357;Deslacrado;; ; ;
02/04/2025;5;3382;Deslacrado;; ; ;
02/04/2025;5;3075;Deslacrado;; ; ;
02/04/2025;5;3070;Deslacrado;; ; ;
02/04/2025;5;3068;Deslacrado;; ; ;
02/04/2025;5;3066;Deslacrado;; ; ;
02/04/2025;5;3040;Deslacrado;; ; ;
02/04/2025;5;3033;Deslacrado;; ; ;
02/04/2025;5;3032;Deslacrado;; ; ;
02/04/2025;5;3028;Deslacrado;; ; ;
02/04/2025;5;3029;Deslacrado;; ; ;
02/04/2025;5;3030;Deslacrado;; ; ;
02/04/2025;5;3031;Deslacrado;; ; ;
02/04/2025;5;3026;Deslacrado;; ; ;
02/04/2025;5;3019;Deslacrado;; ; ;
02/04/2025;5;3018;Deslacrado;; ; ;
02/04/2025;5;3023;Deslacrado;; ; ;
02/04/2025;5;3016;Deslacrado;; ; ;
02/04/2025;5;3301;Deslacrado;; ; ;
02/04/2025;5;3303;Deslacrado;; ; ;
02/04/2025;5;3304;Deslacrado;; ; ;
02/04/2025;5;3310;Deslacrado;; ; ;
02/04/2025;5;3317;Deslacrado;; ; ;
02/04/2025;5;3323;Deslacrado;; ; ;
02/04/2025;5;3318;Deslacrado;; ; ;
02/04/2025;5;3324;Deslacrado;; ; ;
02/04/2025;5;3321;Deslacrado;; ; ;
02/04/2025;5;3327;Deslacrado;; ; ;
02/04/2025;5;3333;Deslacrado;; ; ;
02/04/2025;5;3364;Deslacrado;; ; ;
02/04/2025;5;3365;Deslacrado;; ; ;
02/04/2025;5;3378;Deslacrado;; ; ;
02/04/2025;5;3373;Deslacrado;; ; ;
02/04/2025;5;3380;Deslacrado;; ; ;
02/04/2025;5;3374;Deslacrado;; ; ;
02/04/2025;5;3156;Deslacrado;; ; ;
02/04/2025;5;3199;Deslacrado;; ; ;
02/04/2025;5;3230;Deslacrado;; ; ;
02/04/2025;5;3140;Deslacrado;; ; ;
02/04/2025;5;3628;Deslacrado;; ; ;
02/04/2025;6;4715;Deslacrado;; ; ;
02/04/2025;6;4800;Deslacrado;; ; ;
02/04/2025;6;4838;Deslacrado;; ; ;
02/04/2025;6;4819;Deslacrado;; ; ;
02/04/2025;6;4232;Deslacrado;; ; ;
02/04/2025;6;4478;Deslacrado;; ; ;
02/04/2025;6;4389;Deslacrado;; ; ;
02/04/2025;6;4456;Deslacrado;; ; ;
02/04/2025;6;4476;Deslacrado;; ; ;
02/04/2025;6;4135;Deslacrado;; ; ;
02/04/2025;6;4134;Deslacrado;; ; ;
02/04/2025;6;4133;Deslacrado;; ; ;
02/04/2025;6;4131;Deslacrado;; ; ;
02/04/2025;6;2126;Deslacrado;; ; ;
02/04/2025;6;4125;Deslacrado;; ; ;
02/04/2025;6;4058;Deslacrado;; ; ;
02/04/2025;6;4051;Deslacrado;; ; ;
02/04/2025;6;4067;Deslacrado;; ; ;
02/04/2025;6;4478;Deslacrado;; ; ;
02/04/2025;6;4465;Deslacrado;; ; ;
02/04/2025;6;4131;Deslacrado;; ; ;
02/04/2025;6;4480;Deslacrado;; ; ;
02/04/2025;6;4489;Deslacrado;; ; ;
02/04/2025;6;4460;Deslacrado;; ; ;
02/04/2025;6;4126;Deslacrado;; ; ;
02/04/2025;6;4332;Deslacrado;; ; ;
02/04/2025;6;4487;Deslacrado;; ; ;
02/04/2025;6;4232;Deslacrado;; ; ;
02/04/2025;6;4302;Deslacrado;; ; ;
02/04/2025;6;4754;Deslacrado;; ; ;
02/04/2025;6;4735;Deslacrado;; ; ;
02/04/2025;6;4462;Deslacrado;; ; ;
02/04/2025;6;4726;Deslacrado;; ; ;
02/04/2025;6;4258;Deslacrado;; ; ;
02/04/2025;6;4715;Deslacrado;; ; ;
02/04/2025;6;4800;Deslacrado;; ; ;
02/04/2025;6;4838;Deslacrado;; ; ;
02/04/2025;6;4300;Deslacrado;; ; ;
02/04/2025;6;4310;Deslacrado;; ; ;
02/04/2025;6;4819;Deslacrado;; ; ;
02/04/2025;6;4650;Deslacrado;; ; ;
02/04/2025;6;4389;Deslacrado;; ; ;
04/04/2025;2;6944;Deslacrada;;;;
04/04/2025;2;6932;Deslacrada e Avaya desconfigurado;;;;
04/04/2025;2;6887;Deslacrada;;;;
04/04/2025;2;6840;Deslacrada;;;;
04/04/2025;2;6728;Deslacrada;;;;
04/04/2025;2;6734;Deslacrada;;;;
04/04/2025;2;6667;Deslacrada;;;;
04/04/2025;2;6668;Sem cabo his;;;;
04/04/2025;2;6669;Sem cabo his;;;;
04/04/2025;2;6656;Sem cabo his;;;;
04/04/2025;2;6658;Deslacrado;;;;
04/04/2025;2;6651;Deslacrado;;;;
04/04/2025;2;6651;Deslacrado;;;;
04/04/2025;2;6630;Deslacrado;;;;
04/04/2025;2;6636;Deslacrado;;;;
04/04/2025;2;6635;Deslacrado;;;;
04/04/2025;2;6647;Deslacrado;;;;
04/04/2025;2;6646;Deslacrado;;;;
04/04/2025;3;1604;Deslacrado;;;;
04/04/2025;3;1582;Deslacrado;;;;
04/04/2025;3;1585;Deslacrado;;;;
04/04/2025;3;1599;Deslacrado;;;;
04/04/2025;3;1591;Deslacrado;;;;
04/04/2025;3;1592;Deslacrado;;;;
04/04/2025;3;1597;Deslacrado;;;;
04/04/2025;3;1672;Deslacrado;;;;
04/04/2025;3;1673;Deslacrado;;;;
04/04/2025;3;1640;Deslacrado;;;;
04/04/2025;3;1677;Deslacrado;;;;
04/04/2025;3;1659;Deslacrado;;;;
04/04/2025;3;1651;Deslacrado;;;;
04/04/2025;3;1655;Deslacrado;;;;
04/04/2025;3;1654;Deslacrado;;;;
04/04/2025;3;1368;Deslacrado;;;;
04/04/2025;3;1371;Deslacrado;;;;
04/04/2025;3;1372;Deslacrado;;;;
04/04/2025;3;1367;Deslacrado;;;;
04/04/2025;3;1366;Deslacrado;;;;
04/04/2025;3;1364;Deslacrado;;;;
04/04/2025;3;1359;HD com erro;;;;
04/04/2025;3;1360;HD com erro;;;;
04/04/2025;3;1237;Deslacrado;;;;
04/04/2025;3;1230;Deslacrado;;;;
04/04/2025;3;1236;Deslacrado;;;;
04/04/2025;3;1232;HD;;;;
04/04/2025;3;1232;HD com erro;;;;
04/04/2025;3;1227;Deslacrado;;;;
04/04/2025;3;1228;Deslacrado;;;;
04/04/2025;3;1229;Deslacrado;;;;
04/04/2025;3;1325;HD Com. Erro;;;;
04/04/2025;3;1326;HD Com. Erro;;;;
04/04/2025;3;1375;Deslacrado;;;;
04/04/2025;3;1382;Deslacrado;;;;
04/04/2025;3;1377;Deslacrado;;;;
04/04/2025;3;1384;Deslacrado;;;;
04/04/2025;3;1378;Deslacrado;;;;
04/04/2025;3;1380;Ramal sem internet;;;;
04/04/2025;3;1243;Deslacrado;;;;
04/04/2025;3;1242;Deslacrado;;;;
04/04/2025;3;1241;Deslacrado;;;;
04/04/2025;3;1245;Deslacrado;;;;
04/04/2025;3;1251;Deslacrado;;;;
04/04/2025;3;1250;Deslacrado;;;;
04/04/2025;3;1249;Deslacrado;;;;
04/04/2025;3;1256;Deslacrado;;;;
04/04/2025;3;1257;Deslacrado;;;;
04/04/2025;3;1288;Deslacrado;;;;
04/04/2025;3;1396;Deslacrado;;;;
04/04/2025;3;1389;Deslacrado;;;;
04/04/2025;3;1398;Deslacrado;;;;
04/04/2025;3;1391;Deslacrado;;;;
04/04/2025;3;1270;Deslacrado;;;;
04/04/2025;3;1269;Deslacrado;;;;
04/04/2025;3;1261;Deslacrado;;;;
04/04/2025;3;1402;Deslacrado;;;;
04/04/2025;3;1403;Deslacrado;;;;
04/04/2025;3;1410;Deslacrado;;;;
04/04/2025;3;1404;Deslacrado;;;;
04/04/2025;3;1405;Deslacrado;;;;
04/04/2025;3;1412;Calha levantada;;;;
04/04/2025;3;1414;Deslacrado;;;;
04/04/2025;3;1278;Deslacrado;;;;
04/04/2025;3;1279;Deslacrado;;;;
04/04/2025;3;1282;Deslacrado;;;;
04/04/2025;3;1228;Deslacrado;;;;
04/04/2025;3;1221;Deslacrado;;;;
04/04/2025;3;1227;Deslacrado;;;;
04/04/2025;3;1219;Deslacrado;;;;
04/04/2025;3;1218;Deslacrado;;;;
04/04/2025;3;1231;Deslacrado;;;;
04/04/2025;3;1238;Deslacrado;;;;
04/04/2025;3;1234;Deslacrado;;;;
04/04/2025;3;1286;Deslacrado;;;;
04/04/2025;3;1291;Deslacrado;;;;
04/04/2025;3;1292;Deslacrado;;;;
04/04/2025;3;1293;Deslacrado;;;;
04/04/2025;3;1298;USB  na porta da frente;;;;
04/04/2025;3;1299;USB  na porta da frente;;;;
04/04/2025;3;1301;USB  na porta da frente;;;;
04/04/2025;3;1303;USB  na porta da frente;;;;
04/04/2025;3;1448;Deslacrado;;;;
04/04/2025;3;1447;Deslacrado;;;;
04/04/2025;3;1446;Deslacrado;;;;
04/04/2025;3;1312;Deslacrado;;;;
04/04/2025;3;1311;Deslacrado;;;;
04/04/2025;3;1310;Deslacrado;;;;
04/04/2025;3;1309;Deslacrado;;;;
04/04/2025;3;1314;Deslacrado;;;;
04/04/2025;3;1460;Deslacrado;;;;
04/04/2025;3;1468;Deslacrado;;;;
04/04/2025;3;1469;Deslacrado;;;;
04/04/2025;5;3256;USB porta da frente;;;;
04/04/2025;5;3242;USB porta da frente;;;;
04/04/2025;5;3191;Deslacrado;;;;
04/04/2025;5;3139;Deslacrado;;;;
04/04/2025;5;3141;Deslacrado;;;;
04/04/2025;5;3073;USB n porta da frente;;;;
04/04/2025;5;3073;USB n porta da frente;;;;
04/04/2025;5;3069;USB n porta da frente;;;;
04/04/2025;5;3051;USB porta da frente;;;;
04/04/2025;5;3069;Deslacrado;;;;
04/04/2025;5;3067;Deslacrado;;;;
04/04/2025;5;3066;Deslacrado;;;;
04/04/2025;5;3065;Deslacrado;;;;
04/04/2025;5;3064;Deslacrado;;;;
04/04/2025;5;3063;Deslacrado;;;;
04/04/2025;5;3106;Deslacrado;;;;
04/04/2025;6;4159;Deslacrado;;;;
04/04/2025;6;4160;Deslacrado;;;;
04/04/2025;6;4153;Deslacrado;;;;
04/04/2025;6;4236;Deslacrado;;;;
04/04/2025;6;4236;Deslacrado;;;;
04/04/2025;6;4239;Deslacrado;;;;
04/04/2025;6;4456;Deslacrado;;;;
04/04/2025;6;4457;USB porta da frente;;;;
04/04/2025;6;4408;Deslacrado;;;;
04/04/2025;6;4407;Deslacrado;;;;
04/04/2025;6;4400;Deslacrado;;;;
04/04/2025;6;4399;USB porta da frente;;;;
04/04/2025;6;4460;USB porta da frente;;;;
04/04/2025;6;4463;Deslacrado;;;;
04/04/2025;6;4471;Deslacrado;;;;
04/04/2025;6;4475;Deslacrado;;;;
04/04/2025;6;4476;Deslacrado;;;;
04/04/2025;6;4484;Deslacrado;;;;
04/04/2025;6;4480;Deslacrado;;;;
04/04/2025;6;4487;Deslacrado;;;;
04/04/2025;6;4500;Deslacrado;;;;
04/04/2025;6;4502;Deslacrado;;;;
04/04/2025;6;4439;Deslacrado;;;;
04/04/2025;6;4790;Deslacrado;;;;
04/04/2025;6;4662;Deslacrado;;;;
04/04/2025;6;4783;Deslacrado;;;;
08/04/2025;2;6583;Deslacrado;;;;
08/04/2025;2;6584;Deslacrado;;;;
08/04/2025;2;6601;Deslacrado;;;;
08/04/2025;2;6599;Deslacrado;;;;
08/04/2025;2;6622;Deslacrado;;;;
08/04/2025;2;6624;Deslacrado;;;;
08/04/2025;2;6625;Deslacrado;;;;
08/04/2025;2;6635;Deslacrado;;;;
08/04/2025;2;6636;Deslacrado;;;;
08/04/2025;2;6647;Deslacrado;;;;
08/04/2025;2;6666;Deslacrado;;;;
08/04/2025;2;6667;Deslacrado;;;;
08/04/2025;2;6668;Deslacrado;;;;
08/04/2025;2;6686;Deslacrado;;;;
08/04/2025;2;6811;Deslacrado;;;;
08/04/2025;2;6810;Deslacrado;;;;
08/04/2025;2;6808;Deslacrado;;;;
08/04/2025;2;6822;Deslacrado;;;;
08/04/2025;2;6887;Deslacrado;;;;
08/04/2025;2;6895;Deslacrado;;;;
08/04/2025;2;6901;Deslacrado;;;;
08/04/2025;2;6900;Deslacrado;;;;
08/04/2025;2;6918;Deslacrado;;;;
08/04/2025;2;6968;Deslacrado;;;;
08/04/2025;3;1581;Deslacrado;;;;
08/04/2025;3;1672;Deslacrado;;;;
08/04/2025;3;1659;Deslacrado;;;;
08/04/2025;3;1656;Deslacrado;;;;
08/04/2025;3;1443;Deslacrado;;;;
08/04/2025;3;1436;Deslacrado;;;;
08/04/2025;3;1438;Deslacrado;;;;
08/04/2025;3;1439;Deslacrado;;;;
08/04/2025;3;1280;Deslacrado;;;;
08/04/2025;3;1410;Deslacrado;;;;
08/04/2025;3;1405;Deslacrado;;;;
08/04/2025;3;1404;Deslacrado;;;;
08/04/2025;3;1407;Deslacrado;;;;
08/04/2025;3;1381;Deslacrado;;;;
08/04/2025;3;1375;Deslacrado;;;;
08/04/2025;3;1377;Deslacrado;;;;
08/04/2025;3;1378;Deslacrado;;;;
08/04/2025;3;1379;Deslacrado;;;;
08/04/2025;3;1380;Deslacrado;;;;
08/04/2025;3;1259;Deslacrado;;;;
08/04/2025;4;2155;Deslacrado;;;;
08/04/2025;4;2089;Deslacrado;;;;
08/04/2025;4;2077;Deslacrado;;;;
08/04/2025;4;2193;Deslacrado;;;;
08/04/2025;4;2232;Deslacrado;;;;
08/04/2025;4;2415;Deslacrado;;;;
08/04/2025;4;2086;Deslacrado;;;;
08/04/2025;4;2085;Deslacrado;;;;
08/04/2025;4;2474;Deslacrado;;;;
08/04/2025;4;2644;Deslacrado;;;;
08/04/2025;4;2490;Deslacrado;;;;
08/04/2025;4;2494;Deslacrado;;;;
08/04/2025;4;2339;Deslacrado;;;;
08/04/2025;4;2567;Deslacrado;;;;
08/04/2025;4;2572;Deslacrado;;;;
08/04/2025;4;2167;Deslacrado;;;;
08/04/2025;4;2234;Deslacrado;;;;
08/04/2025;4;2287;Deslacrado;;;;
08/04/2025;4;2234;Deslacrado;;;;
08/04/2025;4;2233;Deslacrado;;;;
08/04/2025;4;2156;Deslacrado;;;;
08/04/2025;4;2166;Deslacrado;;;;
08/04/2025;5;3309;Deslacrado;;;;
08/04/2025;5;3310;Deslacrado;;;;
08/04/2025;5;3306;Deslacrado;;;;
08/04/2025;5;3307;Deslacrado;;;;
08/04/2025;5;3322;Deslacrado;;;;
08/04/2025;5;3323;Deslacrado;;;;
08/04/2025;5;3325;Deslacrado;;;;
08/04/2025;5;3476;Deslacrado;;;;
08/04/2025;5;3474;Deslacrado;;;;
08/04/2025;5;3475;Deslacrado;;;;
08/04/2025;5;3469;Deslacrado;;;;
08/04/2025;5;3564;Deslacrado;;;;
08/04/2025;5;3291;Deslacrado;;;;
08/04/2025;5;3424;Deslacrado;;;;
08/04/2025;5;3305;Deslacrado;;;;
08/04/2025;5;3307;Deslacrado;;;;
08/04/2025;5;3318;Deslacrado;;;;
08/04/2025;5;3319;Deslacrado;;;;
08/04/2025;5;3326;Deslacrado;;;;
08/04/2025;5;3436;Deslacrado;;;;
08/04/2025;5;3430;Deslacrado;;;;
08/04/2025;5;3529;Deslacrado;;;;
08/04/2025;5;3364;Deslacrado;;;;
08/04/2025;5;3376;Deslacrado;;;;
08/04/2025;5;3377;Deslacrado;;;;
08/04/2025;5;3379;Deslacrado;;;;
08/04/2025;5;3376;Deslacrado;;;;
08/04/2025;5;3375;Deslacrado;;;;
08/04/2025;5;3489;Deslacrado;;;;
08/04/2025;5;3561;Deslacrado;;;;
08/04/2025;5;3560;Deslacrado;;;;
08/04/2025;5;3565;Deslacrado;;;;
08/04/2025;5;3580;Deslacrado;;;;
08/04/2025;5;3565;Deslacrado;;;;
08/04/2025;5;3073;Deslacrado;;;;
08/04/2025;5;3070;Deslacrado;;;;
08/04/2025;5;3080;Deslacrado;;;;
08/04/2025;5;3069;Deslacrado;;;;
08/04/2025;5;3068;Deslacrado;;;;
08/04/2025;5;3067;Deslacrado;;;;
08/04/2025;5;3058;Deslacrado;;;;
08/04/2025;5;3055;Deslacrado;;;;
08/04/2025;5;3053;Deslacrado;;;;
08/04/2025;5;3044;Deslacrado;;;;
08/04/2025;5;3121;Deslacrado;;;;
08/04/2025;5;3122;Deslacrado;;;;
08/04/2025;5;3028;Deslacrado;;;;
08/04/2025;5;3080;Dois mouse na pa;;;;
08/04/2025;5;3040;Dois mouse na pa;;;;
08/04/2025;5;3129;Deslacrado;;;;
08/04/2025;5;3062;Deslacrado;;;;
08/04/2025;6;4456;Deslacrado;;;;
08/04/2025;6;4480;Deslacrado;;;;
08/04/2025;6;4476;Deslacrado;;;;
08/04/2025;6;4478;Deslacrado;;;;
08/04/2025;6;4487;Deslacrado;;;;
08/04/2025;6;4489;Deslacrado;;;;
08/04/2025;6;4432;Deslacrado;;;;
08/04/2025;6;4135;Deslacrado;;;;
08/04/2025;6;4134;Deslacrado;;;;
08/04/2025;6;4133;Deslacrado;;;;
08/04/2025;6;4131;Deslacrado;;;;
08/04/2025;6;4125;Deslacrado;;;;
08/04/2025;6;4126;Deslacrado;;;;
08/04/2025;6;4058;Deslacrado;;;;
08/04/2025;6;4065;Deslacrado;;;;
08/04/2025;6;4067;Deslacrado;;;;
08/04/2025;6;4051;Deslacrado;;;;
11/04/2025;2;6940;Deslacrado;;;;
11/04/2025;2;6969;Deslacrado;;;;
11/04/2025;2;6938;Deslacrado;;;;
11/04/2025;2;6937;Deslacrado;;;;
11/04/2025;2;6947;Deslacrado;;;;
11/04/2025;2;6947;Deslacrado;;;;
11/04/2025;2;6978;Deslacrado e USB do mouse na frente;;;;
11/04/2025;2;6903;Deslacrado;;;;
11/04/2025;2;6901;Deslacrado;;;;
11/04/2025;2;6808;Deslacrado;;;;
11/04/2025;2;6888;Deslacrado e teclado na parte da frente;;;;
11/04/2025;2;6910;Deslacrado;;;;
11/04/2025;2;6920;Deslacrado;;;;
11/04/2025;2;6918;Deslacrado;;;;
11/04/2025;2;6840;Deslacrado;;;;
11/04/2025;3;1599;Deslacrado;;;;
11/04/2025;3;1597;Deslacrado;;;;
11/04/2025;3;1659;Deslacrado e mouse na frente;;;;
11/04/2025;3;1662;Deslacrado;;;;
11/04/2025;3;1237;Deslacrado;;;;
11/04/2025;3;1236;Deslacrado;;;;
11/04/2025;3;1234;Deslacrado;;;;
11/04/2025;3;1232;Deslacrado;;;;
11/04/2025;3;1350;Deslacrado;;;;
11/04/2025;3;1358;Deslacrado e 2 intelbras;;;;
11/04/2025;3;1360;Deslacrado;;;;
11/04/2025;3;1339;Deslacrado;;;;
11/04/2025;3;1325;Deslacrado;;;;
11/04/2025;3;1326;Deslacrado;;;;
11/04/2025;3;1468;Deslacrado;;;;
11/04/2025;3;1429;Deslacrado;;;;
11/04/2025;3;1436;Deslacrado;;;;
11/04/2025;3;1437;Deslacrado;;;;
11/04/2025;3;1438;Deslacrado;;;;
11/04/2025;3;1431;Deslacrado;;;;
11/04/2025;3;1424;Deslacrado;;;;
11/04/2025;3;1419;Deslacrado;;;;
11/04/2025;3;1402;Deslacrado;;;;
11/04/2025;3;1404;Deslacrado;;;;
11/04/2025;3;1282;Deslacrado;;;;
11/04/2025;3;1279;Deslacrado;;;;
11/04/2025;3;1278;Deslacrado;;;;
11/04/2025;3;1270;Deslacrado;;;;
11/04/2025;3;1271;Deslacrado;;;;
11/04/2025;3;287;Deslacrado;;;;
11/04/2025;3;296;Deslacrado 2 mouse;;;;
11/04/2025;3;294;Deslacrado;;;;
11/04/2025;3;293;Deslacrado;;;;
11/04/2025;3;277;Deslacrado;;;;
11/04/2025;4;2268;Deslacrado;;;;
11/04/2025;4;2276;Deslacrado;;;;
11/04/2025;4;2277;Deslacrado;;;;
11/04/2025;4;2320;Deslacrado e USB na frente;;;;
11/04/2025;4;2318;Deslacrado;;;;
11/04/2025;4;2265;Deslacrado;;;;
11/04/2025;4;2334;Deslacrado;;;;
11/04/2025;4;2233;Deslacrado;;;;
11/04/2025;4;2232;Deslacrado;;;;
11/04/2025;4;2471;Deslacrado;;;;
11/04/2025;4;2470;Deslacrado;;;;
11/04/2025;4;2468;Deslacrado;;;;
11/04/2025;4;2487;Deslacrado;;;;
11/04/2025;4;2486;Deslacrado;;;;
11/04/2025;4;2480;Deslacrado;;;;
11/04/2025;4;2479;Deslacrado;;;;
11/04/2025;4;2478;Deslacrado;;;;
11/04/2025;4;2554;Deslacrado;;;;
11/04/2025;4;2554;Deslacrado;;;;
11/04/2025;5;3076;Deslacrado;;;;
11/04/2025;5;3074;Deslacrado;;;;
11/04/2025;5;3062;Deslacrado;;;;
11/04/2025;5;3068;Deslacrado;;;;
11/04/2025;5;3060;USB na frente;;;;
11/04/2025;5;3058;USB na frente;;;;
11/04/2025;5;3064;USB na frente;;;;
11/04/2025;5;3046;USB na frente;;;;
11/04/2025;5;3044;Deslacrado;;;;
11/04/2025;5;3039;Deslacrado;;;;
11/04/2025;5;3038;Deslacrado;;;;
11/04/2025;5;3030;Deslacrado;;;;
11/04/2025;5;3028;Deslacrado e mouse na frente;;;;
11/04/2025;5;3397;Deslacrado;;;;
11/04/2025;5;3398;Deslacrado;;;;
11/04/2025;5;3376;Deslacrado;;;;
11/04/2025;5;3378;Deslacrado;;;;
11/04/2025;5;3379;Deslacrado;;;;
11/04/2025;5;3381;Deslacrado;;;;
11/04/2025;5;3660;Deslacrado;;;;
11/04/2025;5;3636;Deslacrado;;;;
11/04/2025;5;3635;Deslacrado;;;;
11/04/2025;5;3634;Deslacrado;;;;
11/04/2025;5;3633;Deslacrado;;;;
11/04/2025;5;3632;Deslacrado;;;;
11/04/2025;5;3640;Deslacrado;;;;
11/04/2025;5;3639;Deslacrado;;;;
11/04/2025;5;3638;Deslacrado;;;;
11/04/2025;6;4218;Deslacrado;;;;
11/04/2025;6;4129;Deslacrado;;;;
11/04/2025;6;4127;Deslacrado;;;;
11/04/2025;6;4133;Deslacrado;;;;
11/04/2025;6;4132;Deslacrado;;;;
11/04/2025;6;4134;Deslacrado;;;;
11/04/2025;6;4135;Deslacrado;;;;
11/04/2025;6;4043;Deslacrado;;;;
11/04/2025;6;4051;Deslacrado e teclado na frente;;;;
15/04/2025;2;6969;Deslacrado;;;;
15/04/2025;2;6969;Deslacrado;;;;
15/04/2025;2;6887;Deslacrado deslacrado;;;;
15/04/2025;2;6840;Deslacrado;;;;
15/04/2025;2;6843;Erro no hd;;;;
15/04/2025;2;6637;Deslacrado;;;;
15/04/2025;2;6638;Deslacrado;;;;
15/04/2025;2;6639;Deslacrado;;;;
15/04/2025;2;6640;Deslacrado;;;;
15/04/2025;2;6641;Deslacrado;;;;
15/04/2025;2;6642;Deslacrado;;;;
15/04/2025;2;6591;4 cabo his solto;;;;
15/04/2025;2;1669;Deslacrado;;;;
15/04/2025;2;1667;Deslacrado;;;;
15/04/2025;2;1599;Deslacrado;;;;
15/04/2025;2;1592;Deslacrado;;;;
15/04/2025;2;1597;Deslacrado;;;;
15/04/2025;2;1591;Deslacrado;;;;
15/04/2025;2;1572;Deslacrado;;;;
15/04/2025;2;1641;Deslacrado;;;;
15/04/2025;2;1640;Deslacrado;;;;
15/04/2025;2;1641;Deslacrado;;;;
15/04/2025;3;1237;Deslacrado;;;;
15/04/2025;3;1236;Deslacrado;;;;
15/04/2025;3;1234;Deslacrado;;;;
15/04/2025;3;1228;Deslacrado;;;;
15/04/2025;3;1229;Deslacrado;;;;
15/04/2025;3;1230;Deslacrado;;;;
15/04/2025;3;1225;Deslacrado;;;;
15/04/2025;3;1325;Hd com erro;;;;
15/04/2025;3;1326;Hd com erro;;;;
15/04/2025;3;1331;Deslacrado;;;;
15/04/2025;3;1396;Deslacrado;;;;
15/04/2025;3;1388;Deslacrado;;;;
15/04/2025;3;1390;Deslacrado;;;;
15/04/2025;3;1402;Deslacrado;;;;
15/04/2025;3;1403;Deslacrado;;;;
15/04/2025;3;1404;Deslacrado;;;;
15/04/2025;3;1405;Deslacrado;;;;
15/04/2025;3;1414;Deslacrado;;;;
15/04/2025;3;1435;Deslacrado;;;;
15/04/2025;3;1435;Deslacrado;;;;
15/04/2025;3;1460;Deslacrado;;;;
15/04/2025;3;1467;Deslacrado;;;;
15/04/2025;3;1469;Intelbras solto;;;;
15/04/2025;3;1249;Deslacrado;;;;
15/04/2025;3;1250;Deslacrado;;;;
15/04/2025;3;1251;Deslacrado;;;;
15/04/2025;3;1252;Deslacrado;;;;
15/04/2025;3;1253;Deslacrado;;;;
15/04/2025;3;1272;Deslacrado;;;;
15/04/2025;3;1271;Deslacrado;;;;
15/04/2025;3;1270;Deslacrado e calha levantada;;;;
15/04/2025;3;1264;Deslacrado;;;;
15/04/2025;3;1261;Deslacrado;;;;
15/04/2025;3;1267;Deslacrado;;;;
15/04/2025;3;1273;Deslacrado;;;;
15/04/2025;3;1278;Deslacrado;;;;
15/04/2025;3;1279;Deslacrado;;;;
15/04/2025;3;1282;Deslacrado;;;;
15/04/2025;3;1286;Deslacrado;;;;
15/04/2025;3;1284;Deslacrado;;;;
15/04/2025;3;1291;Deslacrado;;;;
15/04/2025;3;1293;Deslacrado;;;;
15/04/2025;3;1299;Deslacrado e USB nas portas frontal;;;;
15/04/2025;3;1301;Deslacrado e USB nas portas frontal;;;;
15/04/2025;3;1312;Deslacrado;;;;
15/04/2025;3;1310;Deslacrado;;;;
15/04/2025;3;1309;Deslacrado;;;;
15/04/2025;3;1313;Deslacrado;;;;
15/04/2025;3;1473;Deslacrado;;;;
15/04/2025;3;239;Deslacrado;;;;
15/04/2025;3;251;Deslacrado;;;;
15/04/2025;3;238;Deslacrado;;;;
15/04/2025;3;245;Deslacrado;;;;
15/04/2025;3;233;Deslacrado;;;;
15/04/2025;3;243;Deslacrado;;;;
15/04/2025;3;232;Deslacrado;;;;
15/04/2025;3;231;Deslacrado;;;;
15/04/2025;3;242;Deslacrado;;;;
15/04/2025;3;229;Deslacrado;;;;
15/04/2025;3;240;Deslacrado;;;;
15/04/2025;3;260;Quase todas as posições da digicob estão deslacrada;;;;
15/04/2025;4;2193;USB na parte frontal;;;;
15/04/2025;4;2179;Deslacrado;;;;
15/04/2025;4;2184;Deslacrado;;;;
15/04/2025;4;2183;Deslacrado;;;;
15/04/2025;4;2182;Deslacrado;;;;
15/04/2025;4;2171;Deslacrado;;;;
15/04/2025;4;2166;Deslacrado;;;;
15/04/2025;4;2164;USB na parte frontal;;;;
15/04/2025;4;2156;Deslacrado;;;;
15/04/2025;4;2133;Deslacrado;;;;
15/04/2025;4;2002;Deslacrado;;;;
15/04/2025;4;2001;USB na parte frontal;;;;
15/04/2025;4;2089;Deslacrado;;;;
15/04/2025;4;2088;Deslacrado;;;;
15/04/2025;4;2081;Deslacrado;;;;
15/04/2025;4;2086;Deslacrado;;;;
15/04/2025;4;2085;Deslacrado;;;;
15/04/2025;4;2084;Deslacrado;;;;
15/04/2025;4;2063;Deslacrado;;;;
15/04/2025;4;2060;Deslacrado;;;;
15/04/2025;4;2058;Deslacrado;;;;
15/04/2025;4;2054;Deslacrado;;;;
15/04/2025;4;2043;Deslacrado UBS porta da frente;;;;
15/04/2025;4;2046;Deslacrado;;;;
15/04/2025;4;2040;Deslacrado;;;;
15/04/2025;4;2034;Deslacrado;;;;
15/04/2025;4;2033;Deslacrado;;;;
15/04/2025;4;2035;Deslacrado;;;;
15/04/2025;4;2025;Deslacrado;;;;
15/04/2025;4;2024;Deslacrado;;;;
15/04/2025;4;2020;Deslacrado;;;;
15/04/2025;4;2019;Deslacrado;;;;
15/04/2025;4;2018;Deslacrado;;;;
15/04/2025;4;2017;Deslacrado;;;;
15/04/2025;4;2151;Teclado solto;;;;
15/04/2025;4;2244;Deslacrado;;;;
15/04/2025;4;2245;Deslacrado;;;;
15/04/2025;4;2249;Deslacrado;;;;
15/04/2025;4;2251;Deslacrado;;;;
15/04/2025;4;2272;Usb na porta da frente;;;;
15/04/2025;4;2320;Usb na porta da frente;;;;
15/04/2025;4;2366;Deslacrado;;;;
15/04/2025;4;2262;Deslacrado;;;;
15/04/2025;4;2286;Calha levantada;;;;
15/04/2025;4;2470;Deslacrado;;;;
15/04/2025;4;2471;Deslacrado;;;;
15/04/2025;4;2476;Deslacrado;;;;
15/04/2025;4;2474;Deslacrado;;;;
15/04/2025;4;2639;Deslacrado;;;;
15/04/2025;4;2646;Deslacrado;;;;
15/04/2025;5;3272;Deslacrado;;;;
15/04/2025;5;3273;Deslacrado;;;;
15/04/2025;5;3505;Deslacrado;;;;
15/04/2025;5;3416;Deslacrado;;;;
15/04/2025;5;3412;Deslacrado;;;;
15/04/2025;5;3418;Deslacrado;;;;
15/04/2025;5;3289;Ramal desligado;;;;
15/04/2025;5;3297;Deslacrado;;;;
15/04/2025;5;3303;Deslacrado;;;;
15/04/2025;5;3304;Deslacrado;;;;
15/04/2025;5;3306;Deslacrado;;;;
15/04/2025;5;3518;Deslacrado;;;;
 ;;;;;;;
15/04/2025;2;6969;Deslacrado;;;;
15/04/2025;2;6969;Deslacrado;;;;
15/04/2025;2;6887;Deslacrado deslacrado;;;;
15/04/2025;2;6840;Deslacrado;;;;
15/04/2025;2;6843;Erro no hd;;;;
15/04/2025;2;6637;Deslacrado;;;;
15/04/2025;2;6638;Deslacrado;;;;
15/04/2025;2;6639;Deslacrado;;;;
15/04/2025;2;6640;Deslacrado;;;;
15/04/2025;2;6641;Deslacrado;;;;
15/04/2025;2;6642;Deslacrado;;;;
15/04/2025;2;6591;4 cabo his solto;;;;
15/04/2025;2;1669;Deslacrado;;;;
15/04/2025;2;1667;Deslacrado;;;;
15/04/2025;2;1599;Deslacrado;;;;
15/04/2025;2;1592;Deslacrado;;;;
15/04/2025;2;1597;Deslacrado;;;;
15/04/2025;2;1591;Deslacrado;;;;
15/04/2025;2;1572;Deslacrado;;;;
15/04/2025;2;1641;Deslacrado;;;;
15/04/2025;2;1640;Deslacrado;;;;
15/04/2025;2;1641;Deslacrado;;;;
15/04/2025;3;1237;Deslacrado;;;;
15/04/2025;3;1236;Deslacrado;;;;
15/04/2025;3;1234;Deslacrado;;;;
15/04/2025;3;1228;Deslacrado;;;;
15/04/2025;3;1229;Deslacrado;;;;
15/04/2025;3;1230;Deslacrado;;;;
15/04/2025;3;1225;Deslacrado;;;;
15/04/2025;3;1325;Hd com erro;;;;
15/04/2025;3;1326;Hd com erro;;;;
15/04/2025;3;1331;Deslacrado;;;;
15/04/2025;3;1396;Deslacrado;;;;
15/04/2025;3;1388;Deslacrado;;;;
15/04/2025;3;1390;Deslacrado;;;;
15/04/2025;3;1402;Deslacrado;;;;
15/04/2025;3;1403;Deslacrado;;;;
15/04/2025;3;1404;Deslacrado;;;;
15/04/2025;3;1405;Deslacrado;;;;
15/04/2025;3;1414;Deslacrado;;;;
15/04/2025;3;1435;Deslacrado;;;;
15/04/2025;3;1435;Deslacrado;;;;
15/04/2025;3;1460;Deslacrado;;;;
15/04/2025;3;1467;Deslacrado;;;;
15/04/2025;3;1469;Intelbras solto;;;;
15/04/2025;3;1249;Deslacrado;;;;
15/04/2025;3;1250;Deslacrado;;;;
15/04/2025;3;1251;Deslacrado;;;;
15/04/2025;3;1252;Deslacrado;;;;
15/04/2025;3;1253;Deslacrado;;;;
15/04/2025;3;1272;Deslacrado;;;;
15/04/2025;3;1271;Deslacrado;;;;
15/04/2025;3;1270;Deslacrado e calha levantada;;;;
15/04/2025;3;1264;Deslacrado;;;;
15/04/2025;3;1261;Deslacrado;;;;
15/04/2025;3;1267;Deslacrado;;;;
15/04/2025;3;1273;Deslacrado;;;;
15/04/2025;3;1278;Deslacrado;;;;
15/04/2025;3;1279;Deslacrado;;;;
15/04/2025;3;1282;Deslacrado;;;;
15/04/2025;3;1286;Deslacrado;;;;
15/04/2025;3;1284;Deslacrado;;;;
15/04/2025;3;1291;Deslacrado;;;;
15/04/2025;3;1293;Deslacrado;;;;
15/04/2025;3;1299;Deslacrado e USB nas portas frontal;;;;
15/04/2025;3;1301;Deslacrado e USB nas portas frontal;;;;
15/04/2025;3;1312;Deslacrado;;;;
15/04/2025;3;1310;Deslacrado;;;;
15/04/2025;3;1309;Deslacrado;;;;
15/04/2025;3;1313;Deslacrado;;;;
15/04/2025;3;1473;Deslacrado;;;;
15/04/2025;3;239;Deslacrado;;;;
15/04/2025;3;251;Deslacrado;;;;
15/04/2025;3;238;Deslacrado;;;;
15/04/2025;3;245;Deslacrado;;;;
15/04/2025;3;233;Deslacrado;;;;
15/04/2025;3;243;Deslacrado;;;;
15/04/2025;3;232;Deslacrado;;;;
15/04/2025;3;231;Deslacrado;;;;
15/04/2025;3;242;Deslacrado;;;;
15/04/2025;3;229;Deslacrado;;;;
15/04/2025;3;240;Deslacrado;;;;
15/04/2025;3;260;Quase todas as posições da digicob estão deslacrada;;;;
15/04/2025;4;2193;USB na parte frontal;;;;
15/04/2025;4;2179;Deslacrado;;;;
15/04/2025;4;2184;Deslacrado;;;;
15/04/2025;4;2183;Deslacrado;;;;
15/04/2025;4;2182;Deslacrado;;;;
15/04/2025;4;2171;Deslacrado;;;;
15/04/2025;4;2166;Deslacrado;;;;
15/04/2025;4;2164;USB na parte frontal;;;;
15/04/2025;4;2156;Deslacrado;;;;
15/04/2025;4;2133;Deslacrado;;;;
15/04/2025;4;2002;Deslacrado;;;;
15/04/2025;4;2001;USB na parte frontal;;;;
15/04/2025;4;2089;Deslacrado;;;;
15/04/2025;4;2088;Deslacrado;;;;
15/04/2025;4;2081;Deslacrado;;;;
15/04/2025;4;2086;Deslacrado;;;;
15/04/2025;4;2085;Deslacrado;;;;
15/04/2025;4;2084;Deslacrado;;;;
15/04/2025;4;2063;Deslacrado;;;;
15/04/2025;4;2060;Deslacrado;;;;
15/04/2025;4;2058;Deslacrado;;;;
15/04/2025;4;2054;Deslacrado;;;;
15/04/2025;4;2043;Deslacrado UBS porta da frente;;;;
15/04/2025;4;2046;Deslacrado;;;;
15/04/2025;4;2040;Deslacrado;;;;
15/04/2025;4;2034;Deslacrado;;;;
15/04/2025;4;2033;Deslacrado;;;;
15/04/2025;4;2035;Deslacrado;;;;
15/04/2025;4;2025;Deslacrado;;;;
15/04/2025;4;2024;Deslacrado;;;;
15/04/2025;4;2020;Deslacrado;;;;
15/04/2025;4;2019;Deslacrado;;;;
15/04/2025;4;2018;Deslacrado;;;;
15/04/2025;4;2017;Deslacrado;;;;
15/04/2025;4;2151;Teclado solto;;;;
15/04/2025;4;2244;Deslacrado;;;;
15/04/2025;4;2245;Deslacrado;;;;
15/04/2025;4;2249;Deslacrado;;;;
15/04/2025;4;2251;Deslacrado;;;;
15/04/2025;4;2272;Usb na porta da frente;;;;
15/04/2025;4;2320;Usb na porta da frente;;;;
15/04/2025;4;2366;Deslacrado;;;;
15/04/2025;4;2262;Deslacrado;;;;
15/04/2025;4;2286;Calha levantada;;;;
15/04/2025;4;2470;Deslacrado;;;;
15/04/2025;4;2471;Deslacrado;;;;
15/04/2025;4;2476;Deslacrado;;;;
15/04/2025;4;2474;Deslacrado;;;;
15/04/2025;4;2639;Deslacrado;;;;
15/04/2025;4;2646;Deslacrado;;;;
15/04/2025;5;3272;Deslacrado;;;;
15/04/2025;5;3273;Deslacrado;;;;
15/04/2025;5;3505;Deslacrado;;;;
15/04/2025;5;3416;Deslacrado;;;;
15/04/2025;5;3412;Deslacrado;;;;
15/04/2025;5;3418;Deslacrado;;;;
15/04/2025;5;3289;Ramal desligado;;;;
15/04/2025;5;3297;Deslacrado;;;;
15/04/2025;5;3303;Deslacrado;;;;
15/04/2025;5;3304;Deslacrado;;;;
15/04/2025;5;3306;Deslacrado;;;;
15/04/2025;5;3518;Deslacrado;;;;
18/04/2025;2;6969;Deslacrado;;;;
18/04/2025;2;6887;Deslacrado;;;;
18/04/2025;2;6840;Deslacrado;;;;
18/04/2025;2;6843;Deslacrado;;;;
18/04/2025;2;6837;Deslacrado;;;;
18/04/2025;2;6838;Deslacrado;;;;
18/04/2025;2;6640;Deslacrado;;;;
18/04/2025;2;6641;Deslacrado;;;;
18/04/2025;2;6642;Deslacrado;;;;
18/04/2025;3;1669;Deslacrado;;;;
18/04/2025;3;1667;Deslacrado;;;;
18/04/2025;3;1599;Deslacrado;;;;
18/04/2025;3;1592;Deslacrado;;;;
18/04/2025;3;1597;Deslacrado;;;;
18/04/2025;3;1591;Deslacrado;;;;
18/04/2025;3;1572;Deslacrado;;;;
18/04/2025;3;1641;Deslacrado;;;;
18/04/2025;3;1640;Deslacrado;;;;
18/04/2025;3;1237;Deslacrado;;;;
18/04/2025;3;1236;Deslacrado;;;;
18/04/2025;3;1234;Deslacrado;;;;
18/04/2025;3;1236;Deslacrado;;;;
18/04/2025;3;1234;Deslacrado;;;;
18/04/2025;3;1228;Deslacrado;;;;
18/04/2025;3;1229;Deslacrado;;;;
18/04/2025;3;1230;Deslacrado;;;;
18/04/2025;3;1225;Deslacrado;;;;
18/04/2025;3;1325;HD com erro;;;;
18/04/2025;3;1326;HD com erro;;;;
18/04/2025;3;1331;Deslacrado;;;;
18/04/2025;3;1388;Deslacrado;;;;
18/04/2025;3;1390;Deslacrado;;;;
18/04/2025;3;1402;Deslacrado;;;;
18/04/2025;3;1402;Deslacrado;;;;
18/04/2025;3;1403;Deslacrado;;;;
18/04/2025;3;1404;Deslacrado;;;;
18/04/2025;3;1405;Deslacrado;;;;
18/04/2025;3;1414;Deslacrado;;;;
18/04/2025;3;1435;Deslacrado;;;;
18/04/2025;3;1460;Deslacrado;;;;
18/04/2025;3;1467;Deslacrado;;;;
18/04/2025;3;1249;Deslacrado;;;;
18/04/2025;3;1250;Deslacrado;;;;
18/04/2025;3;1251;Deslacrado;;;;
18/04/2025;3;1252;Deslacrado;;;;
18/04/2025;3;1253;Deslacrado;;;;
18/04/2025;3;1272;Deslacrado;;;;
18/04/2025;3;1271;Deslacrado;;;;
18/04/2025;3;1270;Deslacrado e calha levantada;;;;
18/04/2025;3;1264;Deslacrado;;;;
18/04/2025;3;1261;Deslacrado;;;;
18/04/2025;3;1267;Deslacrado;;;;
18/04/2025;3;1273;Deslacrado;;;;
18/04/2025;3;1278;Deslacrado;;;;
18/04/2025;3;1279;Deslacrado;;;;
18/04/2025;3;1282;Deslacrado;;;;
18/04/2025;3;1286;Deslacrado;;;;
18/04/2025;3;1284;Deslacrado;;;;
18/04/2025;3;1291;Deslacrado;;;;
18/04/2025;3;1293;Deslacrado;;;;
18/04/2025;3;1299;Deslacrado e usb porta frontal;;;;
18/04/2025;3;1301;Deslacrado e usb porta frontal;;;;
18/04/2025;3;1312;Deslacrado;;;;
18/04/2025;3;1310;Deslacrado;;;;
18/04/2025;3;1309;Deslacrado;;;;
18/04/2025;3;1313;Deslacrado;;;;
18/04/2025;3;1473;Deslacrado;;;;
18/04/2025;3;239;Deslacrado;;;;
18/04/2025;3;251;Deslacrado;;;;
18/04/2025;3;238;Deslacrado;;;;
18/04/2025;3;245;Deslacrado;;;;
18/04/2025;3;233;Deslacrado;;;;
18/04/2025;3;243;Deslacrado;;;;
18/04/2025;3;232;Deslacrado;;;;
18/04/2025;3;231;Deslacrado;;;;
18/04/2025;3;242;Deslacrado;;;;
18/04/2025;3;229;Deslacrado;;;;
18/04/2025;3;240;Deslacrado;;;;
18/04/2025;3;260;Quase todas as posições da digicob estão deslacradas;;;;
18/04/2025;4;2193;Usb na porta frontal;;;;
18/04/2025;4;2179;Deslacrado;;;;
18/04/2025;4;2184;Deslacrado;;;;
18/04/2025;4;2183;Deslacrado;;;;
18/04/2025;4;2182;Deslacrado;;;;
18/04/2025;4;2171;Deslacrado;;;;
18/04/2025;4;2166;Deslacrado;;;;
18/04/2025;4;2164;Usb na porta frontal;;;;
18/04/2025;4;2156;Usb na porta frontal;;;;
18/04/2025;4;2133;Deslacrado;;;;
18/04/2025;4;2002;Deslacrado;;;;
18/04/2025;4;2001;Usb na porta frontal;;;;
18/04/2025;4;2089;Deslacrado;;;;
18/04/2025;4;2088;Deslacrado;;;;
18/04/2025;4;2081;Deslacrado;;;;
18/04/2025;4;2086;Deslacrado;;;;
18/04/2025;4;2085;Deslacrado;;;;
18/04/2025;4;2084;Deslacrado;;;;
18/04/2025;4;2063;Deslacrado;;;;
18/04/2025;4;2060;Deslacrado;;;;
18/04/2025;4;2058;Deslacrado;;;;
18/04/2025;4;2043;Deslacrado e usb na porta frontal;;;;
18/04/2025;4;2040;Deslacrado;;;;
18/04/2025;4;2034;Deslacrado;;;;
18/04/2025;4;2035;Deslacrado;;;;
18/04/2025;4;2033;Deslacrado;;;;
18/04/2025;4;2025;Deslacrado;;;;
18/04/2025;4;2024;Deslacrado;;;;
18/04/2025;4;2020;Deslacrado;;;;
18/04/2025;4;2019;Deslacrado;;;;
18/04/2025;4;2018;Deslacrado;;;;
18/04/2025;4;2017;Deslacrado;;;;
18/04/2025;4;2244;Deslacrado;;;;
18/04/2025;4;2272;Usb porta frontal;;;;
18/04/2025;4;2320;Usb porta frontal;;;;
18/04/2025;4;2366;Deslacrado;;;;
18/04/2025;4;2262;Deslacrado;;;;
18/04/2025;5;3272;Deslacrado;;;;
18/04/2025;5;3273;Deslacrado;;;;
18/04/2025;5;3505;Deslacrado;;;;
18/04/2025;5;3416;Deslacrado;;;;
18/04/2025;5;3412;Deslacrado;;;;
18/04/2025;5;3418;Deslacrado;;;;
18/04/2025;5;3289;Ramal desligado;;;;
18/04/2025;5;3297;Deslacrado;;;;
18/04/2025;5;3303;Deslacrado;;;;
18/04/2025;5;3304;Deslacrado;;;;
18/04/2025;5;3306;Deslacrado;;;;
18/04/2025;5;3518;Deslacrado;;;;
18/04/2025;5;3364;Deslacrado;;;;
18/04/2025;5;3464;Deslacrado;;;;
18/04/2025;5;3462;Deslacrado;;;;
18/04/2025;5;3461;Deslacrado;;;;
18/04/2025;5;3030;Deslacrado;;;;
18/04/2025;5;3029;Deslacrado;;;;
18/04/2025;5;3028;Usb na porta da frente;;;;
18/04/2025;5;3036;Deslacrado;;;;
18/04/2025;5;3037;Deslacrado;;;;
18/04/2025;5;3124;Deslacrado;;;;
18/04/2025;5;3125;Deslacrado;;;;
18/04/2025;6;4133;Deslacrado;;;;
18/04/2025;6;4132;Deslacrado;;;;
18/04/2025;6;4131;Deslacrado;;;;
18/04/2025;6;4124;Deslacrado;;;;
18/04/2025;6;4126;Deslacrado;;;;
18/04/2025;6;4127;Deslacrado;;;;
18/04/2025;6;4129;Deslacrado;;;;
18/04/2025;6;4067;Deslacrado;;;;
18/04/2025;6;4065;Deslacrado;;;;
18/04/2025;6;4064;Deslacrado;;;;
18/04/2025;6;4057;Deslacrado;;;;
18/04/2025;6;4058;Deslacrado;;;;
18/04/2025;6;4059;Deslacrado;;;;
18/04/2025;6;4051;Usb na porta da frente;;;;
18/04/2025;6;4783;Deslacrado;;;;
18/04/2025;6;4662;Deslacrado;;;;
18/04/2025;6;4500;Deslacrado;;;;
18/04/2025;6;4480;Deslacrado;;;;
18/04/2025;6;4475;Deslacrado;;;;
18/04/2025;6;4471;Deslacrado;;;;
18/04/2025;6;4456;Deslacrado;;;;
18/04/2025;6;4408;Deslacrado;;;;
18/04/2025;6;4407;Deslacrado;;;;
18/04/2025;6;4239;Deslacrado;;;;
18/04/2025;6;4457;Deslacrado;;;;
23/04/2025;2;6969;Deslacrado;;;;
23/04/2025;2;6887;Deslacrado;;;;
23/04/2025;2;6840;Deslacrado;;;;
23/04/2025;2;6841;Deslacrado;;;;
23/04/2025;2;6843;Deslacrado;;;;
23/04/2025;2;6637;Erro no hd;;;;
23/04/2025;2;6638;Deslacrado;;;;
23/04/2025;2;6639;Deslacrado;;;;
23/04/2025;2;6640;Deslacrado;;;;
23/04/2025;2;6641;Deslacrado;;;;
23/04/2025;2;6642;Deslacrado;;;;
23/04/2025;2;6591;Deslacrado;;;;
23/04/2025;3;1669;Deslacrado;;;;
23/04/2025;3;1667;Deslacrado;;;;
23/04/2025;3;1599;Deslacrado;;;;
23/04/2025;3;1592;Deslacrado;;;;
23/04/2025;3;1592;Deslacrado;;;;
23/04/2025;3;1597;Deslacrado;;;;
23/04/2025;3;1591;Deslacrado;;;;
23/04/2025;3;1572;Deslacrado;;;;
23/04/2025;3;1641;Deslacrado;;;;
23/04/2025;3;1640;Deslacrado;;;;
23/04/2025;3;1637;Deslacrado;;;;
23/04/2025;3;1636;Deslacrado;;;;
23/04/2025;3;1634;Deslacrado;;;;
23/04/2025;3;1237;Deslacrado;;;;
23/04/2025;3;1234;Deslacrado;;;;
23/04/2025;3;1229;Deslacrado;;;;
23/04/2025;3;1230;Deslacrado;;;;
23/04/2025;3;1225;Deslacrado;;;;
23/04/2025;3;1325;Erro no hd;;;;
23/04/2025;3;1326;Erro no hd;;;;
23/04/2025;3;1331;Deslacrado;;;;
23/04/2025;3;1396;Deslacrado;;;;
23/04/2025;3;1388;Deslacrado;;;;
23/04/2025;3;1390;Deslacrado;;;;
23/04/2025;3;1402;Deslacrado;;;;
23/04/2025;3;1403;Deslacrado;;;;
23/04/2025;3;1404;Deslacrado;;;;
23/04/2025;3;1405;Deslacrado;;;;
23/04/2025;3;1414;Deslacrado;;;;
23/04/2025;3;1435;Deslacrado;;;;
23/04/2025;3;1460;Deslacrado;;;;
23/04/2025;3;1467;Deslacrado;;;;
23/04/2025;3;1469;Deslacrado;;;;
23/04/2025;3;1250;Deslacrado;;;;
23/04/2025;3;1251;Deslacrado;;;;
23/04/2025;3;1252;Deslacrado;;;;
23/04/2025;3;1253;Deslacrado;;;;
23/04/2025;3;1272;Deslacrado;;;;
23/04/2025;3;1272;Deslacrado;;;;
23/04/2025;3;1271;Deslacrado;;;;
23/04/2025;3;1270;Deslacrado;;;;
23/04/2025;3;1264;Deslacrado;;;;
23/04/2025;3;1261;Deslacrado;;;;
23/04/2025;3;1261;Deslacrado;;;;
23/04/2025;3;1267;Deslacrado;;;;
23/04/2025;3;1273;Deslacrado;;;;
23/04/2025;3;1278;Deslacrado;;;;
23/04/2025;3;1279;Deslacrado;;;;
23/04/2025;3;1282;Deslacrado;;;;
23/04/2025;3;1286;Deslacrado;;;;
23/04/2025;3;1284;Deslacrado;;;;
23/04/2025;3;1291;Deslacrado;;;;
23/04/2025;3;1293;Deslacrado;;;;
23/04/2025;3;1299;Deslacrado;;;;
23/04/2025;3;1301;Deslacrado;;;;
23/04/2025;3;1312;Deslacrado;;;;
23/04/2025;3;1310;Deslacrado;;;;
23/04/2025;3;1309;Deslacrado;;;;
23/04/2025;3;1313;Deslacrado;;;;
23/04/2025;3;1473;Deslacrado;;;;
23/04/2025;3;239;Quase todas as posições da digicob estão deslacrada;;;;
23/04/2025;4;2111;Sem mouse;;;;
23/04/2025;4;2110;Deslacrado;;;;
23/04/2025;4;2109;Deslacrado;;;;
23/04/2025;4;2108;Deslacrado;;;;
23/04/2025;4;2107;Deslacrado;;;;
23/04/2025;4;2193;Usb porta da frente;;;;
23/04/2025;4;2179;Deslacrado;;;;
23/04/2025;4;2184;Deslacrado;;;;
23/04/2025;4;2183;Deslacrado;;;;
23/04/2025;4;2171;Deslacrado;;;;
23/04/2025;4;2166;Deslacrado;;;;
23/04/2025;4;2164;USB porta da frente;;;;
23/04/2025;4;2156;Deslacrado;;;;
23/04/2025;4;2133;Deslacrado;;;;
23/04/2025;4;2001;USB porta da frente;;;;
23/04/2025;4;2002;Deslacrado;;;;
23/04/2025;4;2089;Deslacrado;;;;
23/04/2025;4;2088;Deslacrado;;;;
23/04/2025;4;2081;Deslacrado;;;;
23/04/2025;4;2086;Deslacrado;;;;
23/04/2025;4;2085;Deslacrado;;;;
23/04/2025;4;2084;Deslacrado;;;;
23/04/2025;4;2060;Deslacrado;;;;
23/04/2025;4;2058;Deslacrado;;;;
23/04/2025;4;2054;Deslacrado;;;;
23/04/2025;4;2053;Deslacrado;;;;
23/04/2025;4;2043;Deslacrado;;;;
23/04/2025;4;2046;Deslacrado;;;;
23/04/2025;4;2040;Deslacrado;;;;
23/04/2025;4;2034;Deslacrado;;;;
23/04/2025;4;2033;Deslacrado;;;;
23/04/2025;4;2035;Deslacrado;;;;
23/04/2025;4;2025;Deslacrado;;;;
23/04/2025;4;2024;Deslacrado;;;;
23/04/2025;4;2020;Deslacrado;;;;
23/04/2025;4;2019;Deslacrado;;;;
23/04/2025;4;2018;Deslacrado;;;;
23/04/2025;4;2017;Deslacrado;;;;
23/04/2025;4;2151;Deslacrado;;;;
23/04/2025;4;2152;Deslacrado;;;;
23/04/2025;4;2244;Deslacrado;;;;
23/04/2025;4;2245;Deslacrado;;;;
23/04/2025;4;2249;Deslacrado;;;;
23/04/2025;4;2251;Deslacrado;;;;
23/04/2025;4;2272;USB porta da frente;;;;
23/04/2025;4;2320;USB porta da frente  e deslacrado;;;;
23/04/2025;4;2366;Deslacrado;;;;
23/04/2025;4;2362;Deslacrado;;;;
23/04/2025;4;2386;Deslacrado;;;;
23/04/2025;4;2286;Deslacrado;;;;
23/04/2025;4;2470;Deslacrado;;;;
23/04/2025;4;2471;Deslacrado;;;;
23/04/2025;4;2476;Deslacrado;;;;
23/04/2025;4;2474;Deslacrado;;;;
23/04/2025;4;2639;Deslacrado;;;;
23/04/2025;4;2645;Deslacrado;;;;
23/04/2025;4;2646;Deslacrado;;;;
23/04/2025;5;3101;Sem mouse e deslacrado;;;;
23/04/2025;5;3272;Sem mouse e deslacrado;;;;
23/04/2025;5;3273;Deslacrado;;;;
23/04/2025;5;3505;Deslacrado;;;;
23/04/2025;5;3515;Deslacrado;;;;
23/04/2025;5;3517;Deslacrado;;;;
23/04/2025;5;3415;Deslacrado;;;;
23/04/2025;5;3416;Deslacrado;;;;
23/04/2025;5;3412;Deslacrado;;;;
23/04/2025;5;3418;Deslacrado;;;;
23/04/2025;5;3289;Deslacrado;;;;
23/04/2025;5;3297;Deslacrado;;;;
23/04/2025;5;3296;Sem calha;;;;
23/04/2025;5;3303;Deslacrado;;;;
23/04/2025;5;3304;Deslacrado;;;;
23/04/2025;5;3306;Deslacrado;;;;
23/04/2025;5;3518;Deslacrado;;;;
23/04/2025;6;4783;Deslacrado;;;;
23/04/2025;6;4782;Deslacrado;;;;
23/04/2025;6;4662;Deslacrado;;;;
23/04/2025;6;4790;Deslacrado;;;;
23/04/2025;6;4661;Deslacrado;;;;
23/04/2025;6;4439;Deslacrado;;;;
23/04/2025;6;4502;Deslacrado;;;;
23/04/2025;6;4500;Deslacrado;;;;
23/04/2025;6;4487;Deslacrado;;;;
23/04/2025;6;4480;Deslacrado;;;;
23/04/2025;6;4484;Deslacrado;;;;
23/04/2025;6;4476;Deslacrado;;;;
23/04/2025;6;4475;Deslacrado;;;;
23/04/2025;6;4471;Deslacrado;;;;
23/04/2025;6;4463;Deslacrado;;;;
23/04/2025;6;4460;Usb porta da frente e deslacrado;;;;
23/04/2025;6;4399;Usb porta da frente e deslacrado;;;;
23/04/2025;6;4398;Deslacrado;;;;
23/04/2025;6;4400;Deslacrado;;;;
23/04/2025;6;4407;Deslacrado;;;;
23/04/2025;6;4408;Deslacrado;;;;
23/04/2025;6;4457;Deslacrado USB porta da frente;;;;
23/04/2025;6;4458;Deslacrado;;;;
23/04/2025;6;4458;Deslacrado;;;;
23/04/2025;6;4456;Deslacrado;;;;
23/04/2025;6;4810;Deslacrado;;;;
25/04/2025;3;1297;Deslacrado;;;;
25/04/2025;3;1301;Deslacrado;;;;
25/04/2025;3;1299;Deslacrado;;;;
25/04/2025;3;1436;Deslacrado;;;;
25/04/2025;3;1437;Deslacrado;;;;
25/04/2025;3;1438;Deslacrado;;;;
25/04/2025;3;1439;Deslacrado;;;;
25/04/2025;3;1440;Deslacrado;;;;
25/04/2025;3;1435;Deslacrado;;;;
25/04/2025;3;1432;Deslacrado;;;;
25/04/2025;3;1431;Deslacrado;;;;
25/04/2025;3;1430;Deslacrado;;;;
25/04/2025;3;1416;Deslacrado;;;;
25/04/2025;3;1419;Deslacrado;;;;
25/04/2025;3;1426;Deslacrado;;;;
25/04/2025;3;1427;Deslacrado;;;;
25/04/2025;3;1428;Deslacrado;;;;
25/04/2025;3;1421;Deslacrado;;;;
25/04/2025;3;1420;Deslacrado;;;;
25/04/2025;3;1419;Deslacrado;;;;
25/04/2025;3;1418;Deslacrado;;;;
25/04/2025;3;1282;Deslacrado;;;;
25/04/2025;3;1278;Deslacrado;;;;
25/04/2025;3;1273;Deslacrado;;;;
25/04/2025;3;268;Deslacrado;;;;
25/04/2025;3;270;Deslacrado;;;;
25/04/2025;3;271;Deslacrado;;;;
25/04/2025;3;273;Deslacrado;;;;
25/04/2025;3;274;Deslacrado;;;;
25/04/2025;3;275;Deslacrado;;;;
25/04/2025;3;263;Deslacrado;;;;
25/04/2025;3;262;Deslacrado;;;;
25/04/2025;3;261;Deslacrado;;;;
25/04/2025;3;260;Deslacrado;;;;
25/04/2025;3;259;Deslacrado;;;;
25/04/2025;3;258;Deslacrado;;;;
25/04/2025;3;257;Deslacrado;;;;
25/04/2025;3;294;Deslacrado;;;;
25/04/2025;3;295;Deslacrado;;;;
25/04/2025;3;296;Deslacrado;;;;
25/04/2025;3;287;Deslacrado;;;;
25/04/2025;3;278;Deslacrado;;;;
25/04/2025;3;277;Deslacrado;;;;
25/04/2025;3;255;Deslacrado;;;;
25/04/2025;3;254;Deslacrado;;;;
25/04/2025;3;253;Deslacrado;;;;
25/04/2025;3;266;Deslacrado;;;;
25/04/2025;3;265;Deslacrado;;;;
25/04/2025;3;242;Deslacrado;;;;
25/04/2025;3;231;Deslacrado;;;;
25/04/2025;3;240;Deslacrado;;;;
25/04/2025;3;1231;Deslacrado;;;;
25/04/2025;3;1230;Deslacrado;;;;
25/04/2025;3;1216;Deslacrado;;;;
25/04/2025;3;1222;Deslacrado;;;;
25/04/2025;3;1326;Deslacrado;;;;
25/04/2025;3;1640;Deslacrado;;;;
25/04/2025;4;2089;Deslacrado;;;;
25/04/2025;4;2081;Deslacrado;;;;
25/04/2025;4;2185;Deslacrado;;;;
25/04/2025;4;2171;Deslacrado;;;;
25/04/2025;4;2170;Deslacrado;;;;
25/04/2025;4;2169;Deslacrado;;;;
25/04/2025;4;2174;Deslacrado;;;;
25/04/2025;4;2175;Deslacrado;;;;
25/04/2025;4;2058;Deslacrado;;;;
25/04/2025;4;2050;Deslacrado;;;;
25/04/2025;4;2057;Deslacrado;;;;
25/04/2025;4;2043;Deslacrado;;;;
25/04/2025;4;2045;Deslacrado;;;;
25/04/2025;4;2045;Deslacrado;;;;
25/04/2025;4;2040;Deslacrado;;;;
25/04/2025;4;2033;Deslacrado;;;;
25/04/2025;4;2017;Deslacrado;;;;
25/04/2025;4;2313;Deslacrado;;;;
25/04/2025;4;2318;Deslacrado;;;;
25/04/2025;4;2266;Deslacrado;;;;
25/04/2025;4;2264;Deslacrado;;;;
25/04/2025;4;2265;Deslacrado;;;;
25/04/2025;4;2256;Deslacrado;;;;
25/04/2025;4;2567;Deslacrado;;;;
25/04/2025;4;2570;Deslacrado;;;;
25/04/2025;4;2570;Deslacrado;;;;
25/04/2025;4;2564;Deslacrado;;;;
25/04/2025;4;2563;Deslacrado;;;;
25/04/2025;4;2559;Deslacrado;;;;
25/04/2025;4;2572;Deslacrado;;;;
25/04/2025;5;3301;Deslacrado;;;;
25/04/2025;5;3306;Deslacrado;;;;
25/04/2025;5;3307;Deslacrado;;;;
25/04/2025;5;3314;Deslacrado;;;;
25/04/2025;5;3313;Deslacrado;;;;
25/04/2025;5;3312;Deslacrado;;;;
25/04/2025;5;3427;Deslacrado;;;;
25/04/2025;5;3518;Deslacrado;;;;
25/04/2025;5;3434;Deslacrado;;;;
25/04/2025;5;3430;Deslacrado;;;;
25/04/2025;5;3429;Deslacrado;;;;
25/04/2025;5;3432;Deslacrado;;;;
25/04/2025;5;3328;Deslacrado;;;;
25/04/2025;5;3336;Deslacrado;;;;
25/04/2025;5;3337;Deslacrado;;;;
25/04/2025;5;3331;Deslacrado;;;;
25/04/2025;5;3541;Deslacrado;;;;
25/04/2025;5;3545;Deslacrado;;;;
25/04/2025;5;3468;Deslacrado;;;;
25/04/2025;5;3376;Deslacrado;;;;
25/04/2025;5;3488;Deslacrado;;;;
25/04/2025;5;3484;Deslacrado;;;;
25/04/2025;5;3485;Deslacrado;;;;
25/04/2025;5;3484;Deslacrado;;;;
25/04/2025;5;3573;Deslacrado;;;;
25/04/2025;5;3580;Deslacrado;;;;
25/04/2025;5;3495;Deslacrado;;;;
25/04/2025;5;3496;Deslacrado;;;;
25/04/2025;5;3498;Deslacrado;;;;
25/04/2025;5;3493;Deslacrado;;;;
25/04/2025;5;3488;Deslacrado;;;;
25/04/2025;5;3082;Deslacrado;;;;
25/04/2025;5;3075;Deslacrado;;;;
25/04/2025;5;3074;Deslacrado;;;;
25/04/2025;5;3081;Deslacrado;;;;
25/04/2025;5;3080;Deslacrado;;;;
25/04/2025;5;3079;Deslacrado;;;;
25/04/2025;5;3074;Deslacrado;;;;
25/04/2025;5;3059;Deslacrado;;;;
25/04/2025;5;3060;Deslacrado;;;;
25/04/2025;5;3061;Deslacrado;;;;
25/04/2025;5;3047;Deslacrado;;;;
25/04/2025;5;3053;Deslacrado;;;;
25/04/2025;5;3051;Deslacrado;;;;
25/04/2025;5;3044;Deslacrado;;;;
25/04/2025;5;3050;Deslacrado;;;;
25/04/2025;5;3033;Deslacrado;;;;
25/04/2025;5;3030;Deslacrado;;;;
25/04/2025;5;3036;Deslacrado;;;;
25/04/2025;5;3028;Deslacrado;;;;
25/04/2025;6;4715;Deslacrado;;;;
25/04/2025;6;4800;Deslacrado;;;;
25/04/2025;6;4838;Deslacrado;;;;
25/04/2025;6;4819;Deslacrado;;;;
25/04/2025;6;4232;Deslacrado;;;;
25/04/2025;6;4478;Deslacrado;;;;
25/04/2025;6;4389;Deslacrado;;;;
25/04/2025;6;4456;Deslacrado;;;;
25/04/2025;6;4476;Deslacrado;;;;
25/04/2025;6;4135;Deslacrado;;;;
25/04/2025;6;4134;Deslacrado;;;;
25/04/2025;6;4133;Deslacrado;;;;
25/04/2025;6;4131;Deslacrado;;;;
25/04/2025;6;4125;Deslacrado;;;;
25/04/2025;6;4126;Deslacrado;;;;
25/04/2025;6;4058;Deslacrado;;;;
25/04/2025;6;4051;Deslacrado;;;;
25/04/2025;6;4067;Deslacrado;;;;
25/04/2025;6;4478;Deslacrado;;;;
25/04/2025;6;4465;Deslacrado;;;;
25/04/2025;6;4131;Deslacrado;;;;
25/04/2025;6;4480;Deslacrado;;;;
25/04/2025;6;4489;Deslacrado;;;;
25/04/2025;6;4460;Deslacrado;;;;
25/04/2025;6;4126;Deslacrado;;;;
25/04/2025;6;4332;Deslacrado;;;;
25/04/2025;6;4487;Deslacrado;;;;
25/04/2025;6;4232;Deslacrado;;;;
25/04/2025;6;4302;Deslacrado;;;;
25/04/2025;6;4754;Deslacrado;;;;
25/04/2025;6;4735;Deslacrado;;;;
25/04/2025;6;4462;Deslacrado;;;;
25/04/2025;6;4726;Deslacrado;;;;
25/04/2025;6;4258;Deslacrado;;;;
25/04/2025;6;4715;Deslacrado;;;;
25/04/2025;6;4838;Deslacrado;;;;
25/04/2025;6;4300;Deslacrado;;;;
25/04/2025;6;4310;Deslacrado;;;;
25/04/2025;6;4819;Deslacrado;;;;
25/04/2025;6;4650;Deslacrado;;;;
25/04/2025;6;4389;Deslacrado;;;;
29/04/2025;2;6642;Deslacrado; ; ; ;
29/04/2025;2;6641;Deslacrado; ; ; ;
29/04/2025;2;6638;Deslacrado; ; ; ;
29/04/2025;2;6651;Deslacrado; ; ; ;
29/04/2025;2;6660;Deslacrado; ; ; ;
29/04/2025;2;6648;Deslacrado; ; ; ;
29/04/2025;2;6659;Deslacrado; ; ; ;
29/04/2025;2;6756;Deslacrado; ; ; ;
29/04/2025;2;6730;Deslacrado; ; ; ;
29/04/2025;2;6728;Deslacrado; ; ; ;
29/04/2025;3;1639;Deslacrado; ; ; ;
29/04/2025;3;1643;Deslacrado; ; ; ;
29/04/2025;3;1642;Deslacrado; ; ; ;
29/04/2025;3;1636;Deslacrado; ; ; ;
29/04/2025;3;1457;Deslacrado; ; ; ;
29/04/2025;3;1460;Deslacrado; ; ; ;
29/04/2025;3;1312;Deslacrado; ; ; ;
29/04/2025;3;1311;Deslacrado; ; ; ;
29/04/2025;3;1310;Deslacrado; ; ; ;
29/04/2025;3;1309;Deslacrado; ; ; ;
29/04/2025;3;1307;Deslacrado; ; ; ;
29/04/2025;3;1313;Deslacrado; ; ; ;
29/04/2025;3;1305;Deslacrado  e USB conectado na frente; ; ; ;
29/04/2025;3;1299;Deslacrado  e USB conectado na frente; ; ; ;
29/04/2025;3;1299;Deslacrado; ; ; ;
29/04/2025;3;1297;Deslacrado; ; ; ;
29/04/2025;3;1301;Deslacrado; ; ; ;
29/04/2025;3;1301;Deslacrado; ; ; ;
29/04/2025;3;1436;Deslacrado; ; ; ;
29/04/2025;3;1430;Deslacrado; ; ; ;
29/04/2025;3;1431;Deslacrado; ; ; ;
29/04/2025;3;1438;Deslacrado; ; ; ;
29/04/2025;3;1432;Deslacrado; ; ; ;
29/04/2025;3;1435;Deslacrado; ; ; ;
29/04/2025;3;1434;Deslacrado; ; ; ;
29/04/2025;3;1433;Deslacrado; ; ; ;
29/04/2025;3;1288;Deslacrado; ; ; ;
29/04/2025;3;1293;Deslacrado; ; ; ;
29/04/2025;3;1292;Deslacrado; ; ; ;
29/04/2025;3;1286;Deslacrado; ; ; ;
29/04/2025;3;1291;Deslacrado; ; ; ;
29/04/2025;3;1284;Deslacrado; ; ; ;
29/04/2025;3;263;Deslacrado; ; ; ;
29/04/2025;3;275;Deslacrado; ; ; ;
29/04/2025;3;262;Deslacrado; ; ; ;
29/04/2025;3;274;Deslacrado; ; ; ;
29/04/2025;3;261;Deslacrado; ; ; ;
29/04/2025;3;273;Deslacrado; ; ; ;
29/04/2025;3;272;Deslacrado; ; ; ;
29/04/2025;3;271;Deslacrado; ; ; ;
29/04/2025;3;259;Deslacrado; ; ; ;
29/04/2025;3;270;Deslacrado; ; ; ;
29/04/2025;3;258;Deslacrado; ; ; ;
29/04/2025;3;257;Deslacrado; ; ; ;
29/04/2025;3;269;Deslacrado; ; ; ;
29/04/2025;3;268;Deslacrado; ; ; ;
29/04/2025;3;278;Deslacrado; ; ; ;
29/04/2025;3;280;Deslacrado; ; ; ;
29/04/2025;3;1336;Deslacrado; ; ; ;
29/04/2025;3;1225;Deslacrado; ; ; ;
29/04/2025;3;1221;Deslacrado; ; ; ;
29/04/2025;3;1649;Periférico conectado na frente;;; ;
29/04/2025;3;1654;Periférico conectado na frente;;; ;
29/04/2025;3;1656;Periférico conectado na frente;;; ;
29/04/2025;3;1256;Periférico conectado na frente;;; ;
29/04/2025;3;1249;Periférico conectado na frente;;; ;
29/04/2025;3;239;Deslacrado;; ; ;
29/04/2025;3;251;Deslacrado;; ; ;
29/04/2025;3;250;Deslacrado;; ; ;
29/04/2025;3;238;Deslacrado;; ; ;
29/04/2025;3;237;Deslacrado;; ; ;
29/04/2025;3;246;Deslacrado;; ; ;
29/04/2025;3;234;Deslacrado;; ; ;
29/04/2025;3;232;Deslacrado;; ; ;
29/04/2025;3;243;Deslacrado;; ; ;
29/04/2025;3;228;Deslacrado;; ; ;
29/04/2025;3;255;Deslacrado;; ; ;
29/04/2025;3;285;Deslacrado;; ; ;
29/04/2025;3;287;Deslacrado;; ; ;
29/04/2025;3;1356;Deslacrado;; ; ;
29/04/2025;3;1344;Deslacrado;; ; ;
29/04/2025;3;1331;Deslacrado;; ; ;
29/04/2025;4;2196;Deslacrado;; ; ;
29/04/2025;4;2190;Deslacrado;; ; ;
29/04/2025;4;2186;Deslacrado;; ; ;
29/04/2025;4;2185;Deslacrado;; ; ;
29/04/2025;4;2175;Deslacrado;; ; ;
29/04/2025;4;2150;Deslacrado;; ; ;
29/04/2025;4;2154;Deslacrado;; ; ;
29/04/2025;4;2148;Deslacrado;; ; ;
29/04/2025;4;2149;Deslacrado;; ; ;
29/04/2025;4;2145;Deslacrado;; ; ;
29/04/2025;4;2140;Deslacrado;; ; ;
29/04/2025;4;2128;Deslacrado;; ; ;
29/04/2025;4;2132;Deslacrado;; ; ;
29/04/2025;4;2127;Deslacrado;; ; ;
29/04/2025;4;2126;Deslacrado;; ; ;
29/04/2025;4;2117;Deslacrado;; ; ;
29/04/2025;4;2111;Deslacrado e periférico conectado na frente;;;;
29/04/2025;4;2110;Deslacrado e periférico conectado na frente;;;;
29/04/2025;4;2109;Deslacrado e periférico conectado na frente;;;;
29/04/2025;4;2108;Deslacrado e periférico conectado na frente;;;;
29/04/2025;4;2112;Deslacrado e periférico conectado na frente;;;;
29/04/2025;4;2001;Deslacrado e periférico conectado na frente;;;;
29/04/2025;4;2243;Deslacrado;; ; ;
29/04/2025;4;2238;Deslacrado;; ; ;
29/04/2025;4;2237;Deslacrado;; ; ;
29/04/2025;4;2295;Deslacrado;; ; ;
29/04/2025;4;2293;Deslacrado;; ; ;
29/04/2025;4;2338;Deslacrado;; ; ;
29/04/2025;4;2289;Deslacrado;; ; ;
29/04/2025;4;2249;Deslacrado;; ; ;
29/04/2025;4;2245;Periférico conectado na frente;;; ;
29/04/2025;4;2250;Deslacrado;; ; ;
29/04/2025;4;2472;Deslacrado;; ; ;
29/04/2025;4;2475;Deslacrado;; ; ;
29/04/2025;4;2470;Deslacrado;; ; ;
29/04/2025;4;2487;Deslacrado;; ; ;
29/04/2025;4;2480;Deslacrado;; ; ;
29/04/2025;4;2485;Deslacrado;; ; ;
29/04/2025;4;2484;Deslacrado;; ; ;
29/04/2025;4;2500;Deslacrado;; ; ;
29/04/2025;4;2089;Deslacrado; ; ; ;
29/04/2025;4;2081;Deslacrado; ; ; ;
29/04/2025;4;2087;Deslacrado; ; ; ;
29/04/2025;4;2085;Deslacrado; ; ; ;
29/04/2025;4;2076;Deslacrado; ; ; ;
29/04/2025;4;2060;Deslacrado; ; ; ;
29/04/2025;4;2057;Deslacrado; ; ; ;
29/04/2025;4;2040;Deslacrado; ; ; ;
29/04/2025;4;2033;Deslacrado; ; ; ;
29/04/2025;4;2029;Deslacrado; ; ; ;
29/04/2025;4;2023;Deslacrado; ; ; ;
29/04/2025;4;2020;Deslacrado; ; ; ;
29/04/2025;4;2018;Deslacrado; ; ; ;
29/04/2025;4;2279;Deslacrado; ; ; ;
29/04/2025;4;2275;Deslacrado; ; ; ;
29/04/2025;4;2269;Deslacrado; ; ; ;
29/04/2025;4;2268;Deslacrado; ; ; ;
29/04/2025;4;2272;Deslacrado; ; ; ;
29/04/2025;4;2255;Deslacrado; ; ; ;
29/04/2025;4;2262;Deslacrado; ; ; ;
29/04/2025;4;2257;Deslacrado; ; ; ;
29/04/2025;4;2266;Deslacrado; ; ; ;
29/04/2025;4;2313;Deslacrado  e dois intelbras na pa; ; ; ;
29/04/2025;4;2320;Deslacrado; ; ; ;
29/04/2025;4;2317;Deslacrado; ; ; ;
29/04/2025;4;2372;Deslacrado; ; ; ;
29/04/2025;4;2554;Deslacrado; ; ; ;
29/04/2025;4;2550;Deslacrado; ; ; ;
29/04/2025;4;2558;Deslacrado; ; ; ;
29/04/2025;4;2559;Deslacrado; ; ; ;
29/04/2025;5;3128;Deslacrado; ; ; ;
29/04/2025;5;3128;Deslacrado; ; ; ;
29/04/2025;5;3127;Deslacrado; ; ; ;
29/04/2025;5;3125;Deslacrado; ; ; ;
29/04/2025;5;3120;Deslacrado; ; ; ;
29/04/2025;5;3011;Deslacrado; ; ; ;
29/04/2025;5;3010;Deslacrado; ; ; ;
29/04/2025;5;3518;Deslacrado; ; ; ;
29/04/2025;5;3427;Deslacrado; ; ; ;
29/04/2025;5;3430;Deslacrado; ; ; ;
29/04/2025;5;3434;Deslacrado; ; ; ;
29/04/2025;5;3457;Deslacrado; ; ; ;
29/04/2025;5;3456;Deslacrado; ; ; ;
29/04/2025;5;3465;Deslacrado; ; ; ;
29/04/2025;5;3479;Deslacrado; ; ; ;
29/04/2025;5;3493;Deslacrado; ; ; ;
29/04/2025;5;3658;Deslacrado; ; ; ;
29/04/2025;5;3636;Deslacrado; ; ; ;
29/04/2025;5;3634;Deslacrado; ; ; ;
29/04/2025;5;3633;Deslacrado; ; ; ;
29/04/2025;5;3069;Deslacrado; ; ; ;
29/04/2025;5;3061;Deslacrado; ; ; ;
29/04/2025;5;3060;Deslacrado; ; ; ;
29/04/2025;5;3065;Deslacrado; ; ; ;
29/04/2025;5;3047;Deslacrado; ; ; ;
29/04/2025;5;3046;Deslacrado; ; ; ;
29/04/2025;5;3053;Deslacrado; ; ; ;
29/04/2025;5;3045;Deslacrado; ; ; ;
29/04/2025;5;3045;Deslacrado; ; ; ;
29/04/2025;5;3044;Deslacrado; ; ; ;
29/04/2025;5;3030;Deslacrado; ; ; ;
29/04/2025;5;3028;Deslacrado; ; ; ;
29/04/2025;5;3032;Deslacrado; ; ; ;
29/04/2025;5;3027;Deslacrado; ; ; ;
29/04/2025;5;3026;Deslacrado; ; ; ;
29/04/2025;5;3018;Deslacrado; ; ; ;
29/04/2025;5;3015;Deslacrado; ; ; ;
29/04/2025;5;3306;Deslacrado; ; ; ;
29/04/2025;5;3307;Deslacrado; ; ; ;
29/04/2025;5;3322;Deslacrado; ; ; ;
29/04/2025;5;3316;Deslacrado; ; ; ;
29/04/2025;5;3323;Deslacrado; ; ; ;
29/04/2025;5;3318;Deslacrado; ; ; ;
29/04/2025;5;3320;Deslacrado; ; ; ;
29/04/2025;5;3327;Deslacrado; ; ; ;
29/04/2025;5;3328;Deslacrado; ; ; ;
29/04/2025;5;3337;Deslacrado; ; ; ;
29/04/2025;5;3340;Deslacrado; ; ; ;
29/04/2025;5;3341;Deslacrado e sem avaya ; ; ; ;
29/04/2025;5;3376;Deslacrado  ; ; ; ;
29/04/2025;5;3376;Deslacrado; ; ; ;
29/04/2025;5;3390;Deslacrado; ; ; ;
29/04/2025;5;3391;Deslacrado; ; ; ;
29/04/2025;5;3385;Deslacrado; ; ; ;
29/04/2025;5;3393;Deslacrado; ; ; ;
29/04/2025;5;3398;Deslacrado; ; ; ;
29/04/2025;5;3399;Deslacrado; ; ; ;
29/04/2025;5;3401;Deslacrado; ; ; ;
29/04/2025;5;3402;Deslacrado; ; ; ;
29/04/2025;5;3651;Deslacrado; ; ; ;
29/04/2025;5;3648;Deslacrado; ; ; ;
29/04/2025;5;3649;Deslacrado; ; ; ;
29/04/2025;5;3623;Deslacrado; ; ; ;
29/04/2025;5;3628;Deslacrado; ; ; ;
29/04/2025;5;3620;Deslacrado; ; ; ;
29/04/2025;6;4452;Deslacrado; ; ; ;
29/04/2025;6;4459;Deslacrado; ; ; ;
29/04/2025;6;4458;Deslacrado; ; ; ;
29/04/2025;6;4457;Deslacrado; ; ; ;
29/04/2025;6;4456;Deslacrado; ; ; ;
29/04/2025;6;4461;Deslacrado; ; ; ;
29/04/2025;6;4460;Deslacrado; ; ; ;
29/04/2025;6;4463;Deslacrado; ; ; ;
29/04/2025;6;4464;Deslacrado; ; ; ;
29/04/2025;6;4473;Deslacrado; ; ; ;
29/04/2025;6;4471;Deslacrado; ; ; ;
29/04/2025;6;4470;Deslacrado; ; ; ;
29/04/2025;6;4469;Deslacrado; ; ; ;
29/04/2025;6;4480;Deslacrado; ; ; ;
29/04/2025;6;4478;Deslacrado; ; ; ;
29/04/2025;6;4487;Deslacrado; ; ; ;
29/04/2025;6;4488;Deslacrado; ; ; ;
29/04/2025;6;4495;Deslacrado; ; ; ;
29/04/2025;6;4342;Deslacrado; ; ; ;
29/04/2025;6;4348;Deslacrado; ; ; ;
29/04/2025;6;4256;Deslacrado; ; ; ;
29/04/2025;6;4250;Deslacrado; ; ; ;
29/04/2025;6;4256;Deslacrado; ; ; ;
29/04/2025;6;4258;Deslacrado; ; ; ;
29/04/2025;6;4259;Deslacrado; ; ; ;
29/04/2025;6;4241;Deslacrado; ; ; ;
29/04/2025;6;4247;Deslacrado; ; ; ;
29/04/2025;6;4231;Deslacrado; ; ; ;
29/04/2025;6;4135;Deslacrado; ; ; ;
29/04/2025;6;4124;Deslacrado; ; ; ;
29/04/2025;6;4125;Deslacrado; ; ; ;
29/04/2025;6;4061;Deslacrado; ; ; ;
29/04/2025;6;4059;Deslacrado; ; ; ;
29/04/2025;6;4067;Deslacrado; ; ; ;
29/04/2025;6;4059;Deslacrado; ; ; ;
29/04/2025;6;4058;Deslacrado; ; ; ;
29/04/2025;6;4057;Deslacrado; ; ; ;
29/04/2025;6;4064;Deslacrado; ; ; ;
29/04/2025;6;4592;Deslacrado; ; ; ;
29/04/2025;6;4673;Deslacrado; ; ; ;
29/04/2025;6;4677;Deslacrado; ; ; ;
29/04/2025;6;4676;Deslacrado; ; ; ;
29/04/2025;6;4766;Deslacrado; ; ; ;
29/04/2025;6;4765;Deslacrado; ; ; ;
29/04/2025;6;4771;Deslacrado; ; ; ;
29/04/2025;6;4706;Deslacrado; ; ; ;
29/04/2025;6;4715;Deslacrado; ; ; ;
29/04/2025;6;4389;Deslacrado; ; ; ;
29/04/2025;6;4415;Deslacrado; ; ; ;
29/04/2025;6;4438;Deslacrado; ; ; ;
29/04/2025;6;4443;Deslacrado; ; ; ;
29/04/2025;6;4439;Deslacrado; ; ; ;
"
29/04/2025";6;4708;Deslacrado;;;;
02/05/2025;2;6642;Deslacrado;;;;
02/05/2025;2;6641;Deslacrado;;;;
02/05/2025;2;6638;Deslacrado;;;;
02/05/2025;2;6651;Deslacrado;;;;
02/05/2025;2;6660;Deslacrado;;;;
02/05/2025;2;6648;Deslacrado;;;;
02/05/2025;2;6659;Deslacrado;;;;
02/05/2025;2;6756;Deslacrado;;;;
02/05/2025;2;6730;Deslacrado;;;;
02/05/2025;2;6728;Deslacrado;;;;
02/05/2025;3;1639;Deslacrado;;;;
02/05/2025;3;1643;Deslacrado;;;;
02/05/2025;3;1642;Deslacrado;;;;
02/05/2025;3;1636;Deslacrado;;;;
02/05/2025;3;1457;Deslacrado;;;;
02/05/2025;3;1460;Deslacrado;;;;
02/05/2025;3;1312;Deslacrado;;;;
02/05/2025;3;1311;Deslacrado;;;;
02/05/2025;3;1310;Deslacrado;;;;
02/05/2025;3;1309;Deslacrado;;;;
02/05/2025;3;1307;Deslacrado;;;;
02/05/2025;3;1313;Deslacrado;;;;
02/05/2025;3;1305;Deslacrado  e USB conectado na frente;;;;
02/05/2025;3;1299;Deslacrado  e USB conectado na frente;;;;
02/05/2025;3;1299;Deslacrado;;;;
02/05/2025;3;1297;Deslacrado;;;;
02/05/2025;3;1301;Deslacrado;;;;
02/05/2025;3;1301;Deslacrado;;;;
02/05/2025;3;1436;Deslacrado;;;;
02/05/2025;3;1430;Deslacrado;;;;
02/05/2025;3;1431;Deslacrado;;;;
02/05/2025;3;1438;Deslacrado;;;;
02/05/2025;3;1432;Deslacrado;;;;
02/05/2025;3;1435;Deslacrado;;;;
02/05/2025;3;1434;Deslacrado;;;;
02/05/2025;3;1433;Deslacrado;;;;
02/05/2025;3;1288;Deslacrado;;;;
02/05/2025;3;1293;Deslacrado;;;;
02/05/2025;3;1292;Deslacrado;;;;
02/05/2025;3;1286;Deslacrado;;;;
02/05/2025;3;1291;Deslacrado;;;;
02/05/2025;3;1284;Deslacrado;;;;
02/05/2025;3;263;Deslacrado;;;;
02/05/2025;3;275;Deslacrado;;;;
02/05/2025;3;262;Deslacrado;;;;
02/05/2025;3;274;Deslacrado;;;;
02/05/2025;3;261;Deslacrado;;;;
02/05/2025;3;273;Deslacrado;;;;
02/05/2025;3;272;Deslacrado;;;;
02/05/2025;3;271;Deslacrado;;;;
02/05/2025;3;259;Deslacrado;;;;
02/05/2025;3;270;Deslacrado;;;;
02/05/2025;3;258;Deslacrado;;;;
02/05/2025;3;257;Deslacrado;;;;
02/05/2025;3;269;Deslacrado;;;;
02/05/2025;3;268;Deslacrado;;;;
02/05/2025;3;278;Deslacrado;;;;
02/05/2025;3;280;Deslacrado;;;;
02/05/2025;3;1336;Deslacrado;;;;
02/05/2025;3;1225;Deslacrado;;;;
02/05/2025;3;1221;Deslacrado;;;;
02/05/2025;4;2089;Deslacrado;;;;
02/05/2025;4;2081;Deslacrado;;;;
02/05/2025;4;2087;Deslacrado;;;;
02/05/2025;4;2085;Deslacrado;;;;
02/05/2025;4;2076;Deslacrado;;;;
02/05/2025;4;2060;Deslacrado;;;;
02/05/2025;4;2057;Deslacrado;;;;
02/05/2025;4;2040;Deslacrado;;;;
02/05/2025;4;2033;Deslacrado;;;;
02/05/2025;4;2029;Deslacrado;;;;
02/05/2025;4;2023;Deslacrado;;;;
02/05/2025;4;2020;Deslacrado;;;;
02/05/2025;4;2018;Deslacrado;;;;
02/05/2025;4;2279;Deslacrado;;;;
02/05/2025;4;2275;Deslacrado;;;;
02/05/2025;4;2269;Deslacrado;;;;
02/05/2025;4;2268;Deslacrado;;;;
02/05/2025;4;2272;Deslacrado;;;;
02/05/2025;4;2255;Deslacrado;;;;
02/05/2025;4;2262;Deslacrado;;;;
02/05/2025;4;2257;Deslacrado;;;;
02/05/2025;4;2266;Deslacrado;;;;
02/05/2025;4;2313;Deslacrado  e dois intelbras na pav;;;;
02/05/2025;4;2320;Deslacrado;;;;
02/05/2025;4;2317;Deslacrado;;;;
02/05/2025;4;2372;Deslacrado;;;;
02/05/2025;4;2554;Deslacrado;;;;
02/05/2025;4;2550;Deslacrado;;;;
02/05/2025;4;2558;Deslacrado;;;;
02/05/2025;4;2559;Deslacrado;;;;
02/05/2025;5;3069;Deslacrado;;;;
02/05/2025;5;3061;Deslacrado;;;;
02/05/2025;5;3060;Deslacrado;;;;
02/05/2025;5;3065;Deslacrado;;;;
02/05/2025;5;3047;Deslacrado;;;;
02/05/2025;5;3046;Deslacrado;;;;
02/05/2025;5;3053;Deslacrado;;;;
02/05/2025;5;3045;Deslacrado;;;;
02/05/2025;5;3045;Deslacrado;;;;
02/05/2025;5;3044;Deslacrado;;;;
02/05/2025;5;3030;Deslacrado;;;;
02/05/2025;5;3028;Deslacrado;;;;
02/05/2025;5;3032;Deslacrado;;;;
02/05/2025;5;3027;Deslacrado;;;;
02/05/2025;5;3026;Deslacrado;;;;
02/05/2025;5;3018;Deslacrado;;;;
02/05/2025;5;3015;Deslacrado;;;;
02/05/2025;5;3306;Deslacrado;;;;
02/05/2025;5;3307;Deslacrado;;;;
02/05/2025;5;3322;Deslacrado;;;;
02/05/2025;5;3316;Deslacrado;;;;
02/05/2025;5;3323;Deslacrado;;;;
02/05/2025;5;3318;Deslacrado;;;;
02/05/2025;5;3320;Deslacrado;;;;
02/05/2025;5;3327;Deslacrado;;;;
02/05/2025;5;3328;Deslacrado;;;;
02/05/2025;5;3337;Deslacrado;;;;
02/05/2025;5;3340;Deslacrado;;;;
02/05/2025;5;3341;Deslacrado e sem avaya ;;;;
02/05/2025;5;3376;Deslacrado  ;;;;
02/05/2025;5;3376;Deslacrado;;;;
02/05/2025;5;3390;Deslacrado;;;;
02/05/2025;5;3391;Deslacrado;;;;
02/05/2025;5;3385;Deslacrado;;;;
02/05/2025;5;3393;Deslacrado;;;;
02/05/2025;5;3398;Deslacrado;;;;
02/05/2025;5;3399;Deslacrado;;;;
02/05/2025;5;3401;Deslacrado;;;;
02/05/2025;5;3402;Deslacrado;;;;
02/05/2025;5;3651;Deslacrado;;;;
02/05/2025;5;3648;Deslacrado;;;;
02/05/2025;5;3649;Deslacrado;;;;
02/05/2025;5;3623;Deslacrado;;;;
02/05/2025;5;3628;Deslacrado;;;;
02/05/2025;5;3620;Deslacrado;;;;
02/05/2025;6;4452;Deslacrado;;;;
02/05/2025;6;4459;Deslacrado;;;;
02/05/2025;6;4458;Deslacrado;;;;
02/05/2025;6;4457;Deslacrado;;;;
02/05/2025;6;4456;Deslacrado;;;;
02/05/2025;6;4461;Deslacrado;;;;
02/05/2025;6;4460;Deslacrado;;;;
02/05/2025;6;4463;Deslacrado;;;;
02/05/2025;6;4464;Deslacrado;;;;
02/05/2025;6;4473;Deslacrado;;;;
02/05/2025;6;4471;Deslacrado;;;;
02/05/2025;6;4470;Deslacrado;;;;
02/05/2025;6;4469;Deslacrado;;;;
02/05/2025;6;4480;Deslacrado;;;;
02/05/2025;6;4478;Deslacrado;;;;
02/05/2025;6;4487;Deslacrado;;;;
02/05/2025;6;4488;Deslacrado;;;;
02/05/2025;6;4495;Deslacrado;;;;
02/05/2025;6;4342;Deslacrado;;;;
02/05/2025;6;4348;Deslacrado;;;;
02/05/2025;6;4256;Deslacrado;;;;
02/05/2025;6;4250;Deslacrado;;;;
02/05/2025;6;4256;Deslacrado;;;;
02/05/2025;6;4258;Deslacrado;;;;
02/05/2025;6;4259;Deslacrado;;;;
02/05/2025;6;4241;Deslacrado;;;;
02/05/2025;6;4247;Deslacrado;;;;
02/05/2025;6;4231;Deslacrado;;;;
02/05/2025;6;4135;Deslacrado;;;;
02/05/2025;6;4124;Deslacrado;;;;
02/05/2025;6;4125;Deslacrado;;;;
02/05/2025;6;4061;Deslacrado;;;;
02/05/2025;6;4059;Deslacrado;;;;
02/05/2025;6;4067;Deslacrado;;;;
02/05/2025;6;4059;Deslacrado;;;;
02/05/2025;6;4058;Deslacrado;;;;
02/05/2025;6;4057;Deslacrado;;;;
02/05/2025;6;4064;Deslacrado;;;;
02/05/2025;6;4592;Deslacrado;;;;
02/05/2025;6;4673;Deslacrado;;;;
02/05/2025;6;4677;Deslacrado;;;;
02/05/2025;6;4676;Deslacrado;;;;
02/05/2025;6;4766;Deslacrado;;;;
02/05/2025;6;4765;Deslacrado;;;;
02/05/2025;6;4771;Deslacrado;;;;
02/05/2025;6;4706;Deslacrado;;;;
02/05/2025;6;4715;Deslacrado;;;;
02/05/2025;6;4708;Deslacrado;;;;
05/06/2025;2;6938;Deslacrado;;;;
05/06/2025;2;6935;Deslacrado;;;;
05/06/2025;2;6953;Deslacrado;;;;
05/06/2025;2;6643;Deslacrado;;;;
05/06/2025;2;6630;Deslacrado;;;;
05/06/2025;2;6628;Deslacrado;;;;
05/06/2025;2;6599;Deslacrado;;;;
05/06/2025;2;6583;Deslacrado;;;;
05/06/2025;2;6555;Deslacrado;;;;
05/06/2025;2;6646;Deslacrado;;;;
05/06/2025;2;6647;Deslacrado;;;;
05/06/2025;2;6769;Deslacrado;;;;
05/06/2025;2;6743;Deslacrado;;;;
05/06/2025;2;6734;Deslacrado;;;;
05/06/2025;2;6825;Deslacrado e USB na porta da frente;;;;
05/06/2025;2;6825;Deslacrado e USB na porta da frente;;;;
05/06/2025;2;6601;2 extensor e deslacrado;;;;
05/06/2025;2;6556;Deslacrado;;;;
05/06/2025;2;6628;Deslacrado;;;;
05/06/2025;3;1673;Deslacrado;;;;
05/06/2025;3;1674;Deslacrado;;;;
05/06/2025;3;1640;Deslacrado;;;;
05/06/2025;3;1643;Deslacrado;;;;
05/06/2025;3;1237;Deslacrado;;;;
05/06/2025;3;1236;Deslacrado;;;;
05/06/2025;3;1236;Deslacrado;;;;
05/06/2025;3;1353;Deslacrado 2 intelbras;;;;
05/06/2025;3;1337;Deslacrado;;;;
05/06/2025;3;1338;Deslacrado;;;;
05/06/2025;3;1272;Deslacrado;;;;
05/06/2025;3;1271;Deslacrado;;;;
05/06/2025;3;1403;Deslacrado;;;;
05/06/2025;3;1404;Deslacrado;;;;
05/06/2025;3;1404;Deslacrado;;;;
05/06/2025;3;1416;Deslacrado e USB na frente;;;;
05/06/2025;3;1418;Deslacrado;;;;
05/06/2025;3;1419;Deslacrado;;;;
05/06/2025;3;1427;Deslacrado;;;;
05/06/2025;3;1446;Deslacrado;;;;
06/05/2025;3;1454;Deslacrado;;;;
05/06/2025;3;1305;Deslacrado;;;;
05/06/2025;3;1297;Deslacrado;;;;
05/06/2025;3;1296;Deslacrado e mouse na frente;;;;
05/06/2025;3;251;Deslacrado;;;;
05/06/2025;3;236;Deslacrado;;;;
05/06/2025;3;235;Deslacrado;;;;
05/06/2025;3;246;Deslacrado;;;;
05/06/2025;3;245;Deslacrado;;;;
05/06/2025;3;232;Deslacrado;;;;
05/06/2025;3;268;Deslacrado;;;;
05/06/2025;3;275;Deslacrado;;;;
05/06/2025;3;262;Deslacrado;;;;
05/06/2025;3;273;Deslacrado;;;;
05/06/2025;3;259;Deslacrado;;;;
05/06/2025;3;258;Deslacrado;;;;
05/06/2025;3;280;Deslacrado;;;;
05/06/2025;3;287;Deslacrado;;;;
05/06/2025;3;220;Deslacrado;;;;
05/06/2025;4;2089;Deslacrado;;;;
05/06/2025;4;2086;Deslacrado;;;;
05/06/2025;4;2064;Deslacrado e mouse na frente;;;;
05/06/2025;4;2060;Deslacrado;;;;
05/06/2025;4;2055;Deslacrado;;;;
05/06/2025;4;2063;Deslacrado;;;;
05/06/2025;4;2040;Deslacrado;;;;
05/06/2025;4;2041;Deslacrado;;;;
05/06/2025;4;2052;Deslacrado;;;;
05/06/2025;4;2025;Deslacrado;;;;
05/06/2025;4;2024;Deslacrado e USB na porta da frente;;;;
05/06/2025;4;2029;Deslacrado e USB na porta da frente;;;;
05/06/2025;4;2030;Deslacrado e USB na porta da frente;;;;
05/06/2025;4;2156;Deslacrado;;;;
05/06/2025;4;2171;Deslacrado;;;;
05/06/2025;4;2169;Deslacrado;;;;
05/06/2025;4;2295;Deslacrado;;;;
05/06/2025;4;2292;Deslacrado;;;;
05/06/2025;4;2352;Deslacrado e intelbras na fente;;;;
05/06/2025;4;2341;Deslacrado;;;;
05/06/2025;4;2342;Deslacrado;;;;
05/06/2025;4;2279;Deslacrado;;;;
05/06/2025;4;2272;Deslacrado;;;;
05/06/2025;4;2271;Deslacrado;;;;
05/06/2025;4;2320;Deslacrado;;;;
05/06/2025;4;2313;Deslacrado;;;;
05/06/2025;4;2262;Deslacrado;;;;
05/06/2025;4;2263;Deslacrado;;;;
05/06/2025;4;2256;Deslacrado;;;;
05/06/2025;4;2304;Deslacrado;;;;
05/06/2025;5;2304;Deslacrado;;;;
05/06/2025;5;3011;Deslacrado;;;;
05/06/2025;5;3007;Deslacrado;;;;
05/06/2025;5;3008;Deslacrado;;;;
05/06/2025;5;3022;Deslacrado;;;;
05/06/2025;5;3040;Deslacrado;;;;
05/06/2025;5;3033;Deslacrado;;;;
05/06/2025;5;3032;Deslacrado;;;;
05/06/2025;5;3037;Deslacrado;;;;
05/06/2025;5;3030;Deslacrado;;;;
05/06/2025;5;3028;Deslacrado;;;;
05/06/2025;5;3046;Deslacrado;;;;
05/06/2025;5;3052;Deslacrado;;;;
05/06/2025;5;3051;Deslacrado;;;;
05/06/2025;5;3049;Deslacrado e USB na porta da frente;;;;
05/06/2025;5;3069;Deslacrado e USB na porta da frente;;;;
05/06/2025;5;3058;Deslacrado;;;;
05/06/2025;5;3310;Deslacrado;;;;
05/06/2025;5;3313;Deslacrado;;;;
05/06/2025;5;3314;Deslacrado;;;;
05/06/2025;5;3322;Deslacrado;;;;
05/06/2025;5;3323;Deslacrado;;;;
05/06/2025;5;3321;Deslacrado;;;;
05/06/2025;5;3328;Deslacrado;;;;
05/06/2025;5;3340;Deslacrado;;;;
05/06/2025;5;3364;Deslacrado;;;;
05/06/2025;5;3365;Deslacrado;;;;
05/06/2025;5;3366;Deslacrado;;;;
05/06/2025;5;3367;Deslacrado e USB na frente;;;;
05/06/2025;5;3368;Deslacrado e USB na frente;;;;
05/06/2025;5;3559;Deslacrado e USB na frente;;;;
05/06/2025;5;3570;Deslacrado;;;;
05/06/2025;5;3578;Deslacrado;;;;
05/06/2025;5;3485;Deslacrado;;;;
05/06/2025;5;3472;Deslacrado;;;;
05/06/2025;5;3471;Deslacrado;;;;
05/06/2025;5;3475;Deslacrado;;;;
05/06/2025;5;3469;Deslacrado;;;;
05/06/2025;5;3549;Deslacrado;;;;
05/06/2025;5;3464;Deslacrado;;;;
05/06/2025;5;3463;Deslacrado;;;;
05/06/2025;5;3535;Deslacrado;;;;
05/06/2025;5;3537;Deslacrado;;;;
05/06/2025;5;3442;Deslacrado;;;;
05/06/2025;5;3436;Deslacrado;;;;
05/06/2025;5;3435;Deslacrado;;;;
05/06/2025;5;3434;Deslacrado;;;;
05/06/2025;5;3437;Deslacrado;;;;
05/06/2025;5;3515;Deslacrado;;;;
05/06/2025;5;3515;Deslacrado;;;;
05/06/2025;5;3517;Deslacrado;;;;
05/06/2025;5;3350;Deslacrado;;;;
05/09/2025;2;6968;Deslacrado; ;;;
05/09/2025;2;6969;Deslacrado; ;;;
05/09/2025;2;6955;Deslacrado; ;;;
05/09/2025;2;6980;Deslacrado; ;;;
05/09/2025;2;6995;Deslacrado; ;;;
05/09/2025;2;6993;Deslacrado; ;;;
05/09/2025;2;6989;Deslacrado; ;;;
05/09/2025;2;6970;Deslacrado e USB na frente; ;;;
05/09/2025;2;6938;Deslacrado e USB na frente; ;;;
05/09/2025;2;6947;Deslacrado; ;;;
05/09/2025;2;6932;Deslacrado; ;;;
09/05/2025;2;6921;Deslacrado; ;;;
09/05/2025;2;6909;Deslacrado; ;;;
09/05/2025;2;6918;Deslacrado; ;;;
09/05/2025;2;6923;Deslacrado; ;;;
09/05/2025;2;6926;Deslacrado; ;;;
09/05/2025;2;6935;Deslacrado; ;;;
09/05/2025;2;6938;Deslacrado; ;;;
09/05/2025;2;6940;Deslacrado; ;;;
09/05/2025;2;6949;Deslacrado; ;;;
09/05/2025;2;6950;Deslacrado; ;;;
09/05/2025;3;1640;Deslacrado; ;;;
09/05/2025;3;1645;Deslacrado; ;;;
09/05/2025;3;1648;Deslacrado; ;;;
09/05/2025;3;1650;Deslacrado; ;;;
09/05/2025;3;1653;Deslacrado; ;;;
09/05/2025;3;1670;Deslacrado; ;;;
09/05/2025;3;1661;Deslacrado; ;;;
09/05/2025;3;1660;Deslacrado; ;;;
09/05/2025;3;1353;Deslacrado; ;;;
09/05/2025;3;1351;Deslacrado; ;;;
09/05/2025;3;1343;Deslacrado; ;;;
09/05/2025;3;1213;Deslacrado; ;;;
09/05/2025;3;1223;Deslacrado; ;;;
09/05/2025;3;1226;Deslacrado; ;;;
09/05/2025;3;1402;Deslacrado; ;;;
09/05/2025;3;1403;Deslacrado; ;;;
09/05/2025;3;1404;Deslacrado; ;;;
09/05/2025;3;1410;Deslacrado; ;;;
09/05/2025;3;1412;Deslacrado; ;;;
09/05/2025;3;1472;Deslacrado; ;;;
09/05/2025;3;1261;Deslacrado; ;;;
09/05/2025;3;1291;Deslacrado; ;;;
09/05/2025;3;1296;Deslacrado; ;;;
09/05/2025;3;1452;Deslacrado; ;;;
09/05/2025;3;1447;Deslacrado e USB na frente; ;;;
09/05/2025;3;1450;Deslacrado e USB na frente; ;;;
09/05/2025;3;1460;Deslacrado; ;;;
09/05/2025;3;1467;Deslacrado; ;;;
09/05/2025;3;1462;Deslacrado; ;;;
09/05/2025;3;1464;Deslacrado; ;;;
09/05/2025;3;1470;Deslacrado; ;;;
09/05/2025;3;275;Deslacrado; ;;;
09/05/2025;3;274;Deslacrado; ;;;
09/05/2025;3;273;Deslacrado; ;;;
09/05/2025;3;269;Deslacrado; ;;;
09/05/2025;3;268;Deslacrado; ;;;
09/05/2025;3;281;Deslacrado; ;;;
09/05/2025;3;282;Deslacrado e mouse na frente; ;;;
09/05/2025;3;287;Deslacrado; ;;;
09/05/2025;3;280;Deslacrado; ;;;
09/05/2025;3;286;Deslacrado; ;;;
09/05/2025;3;290;Deslacrado; ;;;
09/05/2025;3;255;Deslacrado; ;;;
09/05/2025;3;253;Deslacrado; ;;;
09/05/2025;3;278;Deslacrado; ;;;
09/05/2025;4;2140;Deslacrado; ;;;
09/05/2025;4;2019;Deslacrado; ;;;
09/05/2025;4;2009;Deslacrado; ;;;
09/05/2025;4;2033;Deslacrado; ;;;
09/05/2025;4;2031;Deslacrado; ;;;
09/05/2025;4;2022;Deslacrado e intelbras na frente; ;;;
09/05/2025;4;2052;Deslacrado e intelbras na frente; ;;;
09/05/2025;4;2058;Deslacrado e intelbras na frente; ;;;
09/05/2025;4;2065;Deslacrado e intelbras na frente; ;;;
09/05/2025;4;2071;Deslacrado e intelbras na frente; ;;;
09/05/2025;4;2086;Deslacrado e intelbras na frente; ;;;
09/05/2025;4;2085;Deslacrado; ;;;
09/05/2025;4;2093;USB na frente mouse; ;;;
09/05/2025;4;2082;Deslacrado; ;;;
09/05/2025;4;2235;Deslacrado; ;;;
09/05/2025;4;2269;Deslacrado; ;;;
09/05/2025;4;2330;Deslacrado; ;;;
09/05/2025;4;2340;Deslacrado; ;;;
09/05/2025;4;2320;Deslacrado e mouse na frente; ;;;
09/05/2025;4;2319;Deslacrado; ;;;
09/05/2025;4;2312;Deslacrado; ;;;
09/05/2025;4;2266;Deslacrado; ;;;
09/05/2025;4;2257;Deslacrado; ;;;
09/05/2025;4;2249;Deslacrado; ;;;
09/05/2025;4;2250;Deslacrado; ;;;
09/05/2025;4;2645;Deslacrado; ;;;
09/05/2025;4;2646;Deslacrado; ;;;
09/05/2025;4;2572;Deslacrado; ;;;
09/05/2025;4;2573;Deslacrado; ;;;
09/05/2025;4;2559;Deslacrado; ;;;
09/05/2025;4;2567;Deslacrado; ;;;
09/05/2025;4;2563;Deslacrado; ;;;
09/05/2025;5;3075;Deslacrado; ;;;
09/05/2025;5;3080;Deslacrado; ;;;
09/05/2025;5;3073;Deslacrado; ;;;
09/05/2025;5;3064;Deslacrado; ;;;
09/05/2025;5;3064;Deslacrado; ;;;
09/05/2025;5;3043;Mouse e teclado na frente e pa deslacrada; ;;;
09/05/2025;5;3038;Deslacrado; ;;;
09/05/2025;5;3037;Deslacrado; ;;;
09/05/2025;5;3033;Deslacrado; ;;;
09/05/2025;5;3025;Deslacrado; ;;;
09/05/2025;5;3017;Deslacrado; ;;;
09/05/2025;5;3018;Deslacrado; ;;;
09/05/2025;5;3023;Deslacrado; ;;;
09/05/2025;5;3076;Deslacrado; ;;;
09/05/2025;5;3121;Deslacrado; ;;;
09/05/2025;5;3310;Deslacrado; ;;;
09/05/2025;5;3313;Deslacrado; ;;;
09/05/2025;5;3306;Deslacrado; ;;;
09/05/2025;5;3307;Deslacrado; ;;;
09/05/2025;5;3312;Deslacrado; ;;;
09/05/2025;5;3322;Deslacrado; ;;;
09/05/2025;5;3328;Deslacrado; ;;;
09/05/2025;5;3332;Deslacrado; ;;;
09/05/2025;5;3339;Deslacrado; ;;;
09/05/2025;5;3360;Deslacrado; ;;;
09/05/2025;5;3376;Deslacrado e mouse na frente; ;;;
09/05/2025;5;3377;Deslacrado e mouse na frente; ;;;
09/05/2025;5;3374;Deslacrado e mouse na frente; ;;;
09/05/2025;5;3393;Deslacrado; ;;;
09/05/2025;5;3395;Deslacrado; ;;;
09/05/2025;5;3492;Deslacrado; ;;;
09/05/2025;5;3491;Deslacrado e intelbras na frente; ;;;
09/05/2025;5;3490;Deslacrado; ;;;
09/05/2025;5;3564;Deslacrado; ;;;
09/05/2025;5;3549;Deslacrado; ;;;
05/09/2025;5;3227;Deslacrado; ;;;
05/09/2025;5;3232;Deslacrado; ;;;
09/05/2025;2;6874;Pa sem lacre; ;;;
09/05/2025;2;6903;Pa sem lacre; ;;;
09/05/2025;2;6903;Pa sem lacre; ;;;
09/05/2025;2;6890;Pa sem lacre; ;;;
09/05/2025;3;1336;Pa sem lacre; ;;;
09/05/2025;3;1437;Pa sem lacre; ;;;
09/05/2025;3;1305;Pa sem lacre; ;;;
09/05/2025;3;1463;Pa sem lacre; ;;;
09/05/2025;3;245;Pa sem lacre; ;;;
09/05/2025;3;246;Pa sem lacre; ;;;
09/05/2025;4;2179;Pa sem lacre; ;;;
09/05/2025;4;2183;Pa sem lacre; ;;;
09/05/2025;4;2293;Pa sem lacre; ;;;
09/05/2025;4;2393;Pa sem lacre; ;;;
09/05/2025;4;2554;Pa sem lacre; ;;;
09/05/2025;4;259;Pa sem lacre; ;;;
09/05/2025;5;3033;Pa sem lacre; ;;;
09/05/2025;5;3038;Pa sem lacre; ;;;
09/05/2025;5;3120;Pa sem lacre; ;;;
09/05/2025;5;3116;Pa sem lacre; ;;;
09/05/2025;5;3109;Pa sem lacre; ;;;
09/05/2025;5;3012;Pa sem lacre; ;;;
09/05/2025;5;3011;Pa sem lacre; ;;;
09/05/2025;5;3010;Pa sem lacre; ;;;
09/05/2025;5;3328;Pa sem lacre; ;;;
09/05/2025;5;3452;Pa sem lacre; ;;;
09/05/2025;5;3546;Pa sem lacre; ;;;
09/05/2025;5;3432;Pa sem lacre; ;;;
09/05/2025;5;3445;Pa sem lacre; ;;;
09/05/2025;5;3434;Pa sem lacre; ;;;
09/05/2025;5;3434;Pa sem lacre; ;;;
09/05/2025;5;3463;Pa sem lacre; ;;;
09/05/2025;5;3468;Pa sem lacre; ;;;
09/05/2025;5;33360;Pa sem lacre; ;;;
09/05/2025;5;3376;Pa sem lacre; ;;;
09/05/2025;5;3492;Pa sem lacre; ;;;
09/05/2025;5;3238;Pa sem lacre; ;;;
;;;;;;;
